indexNo,week,day,date,time,room,moduleCode,moduleName,lecturer,year,programme,class,totalStudentNum,studentNumInClassroom,percent,by,remark
1,1,Monday,2-Mar,13:00-14:35,3-546,EBU5477,Embedded Systems,MaM,3,IoT2,14-16,90,0,0,,
2,1,Monday,2-Mar,14:45-16:25,3-546,EBU6304,Software Engineering,GG,3,IoT,11-16,180,0,0,,
3,1,Monday,2-Mar,14:45-16:25,3-539,EBU6307,Visual Computing,MSH,3,IST,21-24,100,0,0,,
4,1,Monday,2-Mar,14:45-16:25,3-537,EBU6304,Software Engineering,LM,3,Tele-G2,6-10,150,0,0,,
5,1,Monday,2-Mar,14:45-16:25,3-535,EBU4211,Object-Oriented Programming,HA,2,IoT2,14-16,90,0,0,,
6,1,Monday,2-Mar,14:45-16:25,3-437,EBU4211,Object-Oriented Programming,PP,2,Tele-G2,6-10,150,0,0,,
7,1,Monday,2-Mar,14:45-16:25,3-435,EBU4211,Object-Oriented Programming,CL,2,EIE,17-20,100,0,0,,
8,1,Monday,2-Mar,14:45-16:25,3-333,EBU6305,Interactive Media Design and Production,XC,3,EIE,17-20,100,0,0,,
9,1,Monday,2-Mar,16:35-18:10,3-546,EBU5477,Embedded Systems,MaM,3,IoT1,11-13,90,0,0,,
10,1,Monday,2-Mar,16:35-18:10,3-540,EBU4211,Object-Oriented Programming,CL,2,IST,21-24,100,0,0,,
11,1,Monday,2-Mar,16:35-18:10,3-539,EBU6304,Software Engineering,MSH,3,IST,21-24,100,0,0,,
12,1,Monday,2-Mar,16:35-18:10,3-537,EBU6304,Software Engineering,LM,3,EIE,17-20,100,0,0,,
13,1,Monday,2-Mar,16:35-18:10,3-535,EBU4211,Object-Oriented Programming,PP,2,Tele-G1,1-5,150,0,0,,
14,1,Monday,2-Mar,16:35-18:10,3-437,EBU6304,Software Engineering,GG,3,Tele-G1,1-5,150,0,0,,
15,1,Monday,2-Mar,16:35-18:10,3-435,EBU5315,Interactive Media Design and Production,XC,2,EIE,17-20,100,0,0,,
16,1,Monday,2-Mar,16:35-18:10,3-333,EBU4211,Object-Oriented Programming,HA,2,IoT1,11-13,90,0,0,,
17,1,Monday,2-Mar,18:30-19:15,3-435,EBU4211,Object-Oriented Programming,PP,2,Tele-G1,1-5,150,0,0,,Tutorial
18,1,Tuesday,3-Mar,13:00-14:35,3-537,EBU6304,Software Engineering,LM,3,EIE,17-20,100,0,0,,
19,1,Tuesday,3-Mar,13:00-14:35,3-535,EBU6304,Software Engineering,MSH,3,IST,21-24,100,0,0,,
20,1,Tuesday,3-Mar,13:00-14:35,3-437,EBU6304,Software Engineering,GG,3,Tele-G1,1-5,150,0,0,,
21,1,Tuesday,3-Mar,13:00-14:35,3-435,EBU5315,Interactive Media Design and Production,XC,2,EIE,17-20,100,0,0,,
22,1,Tuesday,3-Mar,13:00-14:35,3-433,EBU4211,Object-Oriented Programming,HA,2,IoT1,11-13,90,0,0,,
23,1,Tuesday,3-Mar,13:00-14:35,3-417,EBU4211,Object-Oriented Programming,CL,2,IST,21-24,100,0,0,,
24,1,Tuesday,3-Mar,13:00-14:35,3-337,EBU5477,Embedded Systems,MaM,3,IoT1,11-13,90,0,0,,
25,1,Tuesday,3-Mar,13:00-14:35,3-335,EBU4211,Object-Oriented Programming,PP,2,Tele-G1,1-5,150,0,0,,
26,1,Tuesday,3-Mar,14:45-16:25,3-535,EBU4211,Object-Oriented Programming,HA,2,IoT2,14-16,90,0,0,,
27,1,Tuesday,3-Mar,14:45-16:25,3-437,EBU4211,Object-Oriented Programming,PP,2,Tele-G2,6-10,150,0,0,,
28,1,Tuesday,3-Mar,14:45-16:25,3-435,EBU4211,Object-Oriented Programming,CL,2,EIE,17-20,100,0,0,,
29,1,Tuesday,3-Mar,14:45-16:25,3-433,EBU5477,Embedded Systems,MaM,3,IoT2,14-16,90,0,0,,
30,1,Tuesday,3-Mar,16:35-18:10,3-435,EBU6304,Software Engineering,LM,3,Tele-G2,6-10,150,0,0,,
31,1,Tuesday,3-Mar,16:35-18:10,3-337,EBU6307,Visual Computing,MSH,3,IST,21-24,100,0,0,,
32,1,Tuesday,3-Mar,16:35-18:10,3-335,EBU6305,Interactive Media Design and Production,XC,3,EIE,17-20,100,0,0,,
33,1,Tuesday,3-Mar,16:35-18:10,3-333,EBU6304,Software Engineering,GG,3,IoT,11-16,180,0,0,,
34,1,Tuesday,3-Mar,18:30-19:15,3-337,EBU6307,Visual Computing,MSH,3,IST,21-24,100,0,0,,Tutorial
35,1,Tuesday,3-Mar,18:30-19:15,3-335,EBU6305,Interactive Media Design and Production,XC,3,EIE,17-20,100,0,0,,Tutorial
36,1,Tuesday,3-Mar,18:30-19:15,3-333,EBU6304,Software Engineering,GG,3,IoT,11-16,180,0,0,,Tutorial
37,1,Wednesday,4-Mar,08:00-09:35,3-546,EBU6307,Visual Computing,MSH,3,IST,21-24,100,0,0,,
38,1,Wednesday,4-Mar,08:00-09:35,3-537,EBU6305,Interactive Media Design and Production,XC,3,EIE,17-20,100,0,0,,
39,1,Wednesday,4-Mar,08:00-09:35,3-535,EBU6304,Software Engineering,GG,3,IoT,11-16,180,0,0,,
40,1,Wednesday,4-Mar,08:00-09:35,3-437,EBU4211,Object-Oriented Programming,PP,2,Tele-G2,6-10,150,0,0,,
41,1,Wednesday,4-Mar,08:00-09:35,3-435,EBU4211,Object-Oriented Programming,HA,2,IoT2,14-16,90,0,0,,
42,1,Wednesday,4-Mar,08:00-09:35,3-335,EBU6304,Software Engineering,LM,3,Tele-G2,6-10,150,0,0,,
43,1,Wednesday,4-Mar,09:50-11:25,3-546,EBU6304,Software Engineering,MSH,3,IST,21-24,100,0,0,,
44,1,Wednesday,4-Mar,09:50-11:25,3-535,EBU5477,Embedded Systems,MaM,3,IoT1,11-13,90,0,0,,
45,1,Wednesday,4-Mar,09:50-11:25,3-437,EBU6304,Software Engineering,GG,3,Tele-G1,1-5,150,0,0,,
46,1,Wednesday,4-Mar,09:50-11:25,3-435,EBU4211,Object-Oriented Programming,PP,2,Tele-G1,1-5,150,0,0,,
47,1,Wednesday,4-Mar,09:50-11:25,3-433,EBU4211,Object-Oriented Programming,HA,2,IoT1,11-13,90,0,0,,
48,1,Wednesday,4-Mar,09:50-11:25,3-335,EBU6304,Software Engineering,LM,3,EIE,17-20,100,0,0,,
49,1,Wednesday,4-Mar,09:50-11:25,3-333,EBU5315,Interactive Media Design and Production,XC,2,EIE,17-20,100,0,0,,
50,1,Wednesday,4-Mar,13:00-14:35,3-433,EBU5477,Embedded Systems,MaM,3,IoT2,14-16,90,0,0,,
51,1,Wednesday,4-Mar,13:00-14:35,3-417,EBU4211,Object-Oriented Programming,CL,2,IST,21-24,100,0,0,,
52,1,Wednesday,4-Mar,14:45-16:25,3-435,EBU4211,Object-Oriented Programming,CL,2,EIE,17-20,100,0,0,,
53,1,Wednesday,4-Mar,16:35-17:20,3-437,EBU4211,Object-Oriented Programming,CL,2,IST,21-24,100,0,0,,Tutorial
54,1,Thursday,5-Mar,09:50-11:25,3-535,EBU6304,Software Engineering,GG,3,IoT,11-16,180,0,0,,
55,1,Thursday,5-Mar,09:50-11:25,3-437,EBU4211,Object-Oriented Programming,PP,2,Tele-G2,6-10,150,0,0,,
56,1,Thursday,5-Mar,09:50-11:25,3-435,EBU4211,Object-Oriented Programming,CL,2,EIE,17-20,100,0,0,,
57,1,Thursday,5-Mar,09:50-11:25,3-433,EBU4211,Object-Oriented Programming,HA,2,IoT2,14-16,90,0,0,,
58,1,Thursday,5-Mar,09:50-11:25,3-337,EBU6304,Software Engineering,LM,3,Tele-G2,6-10,150,0,0,,
59,1,Thursday,5-Mar,09:50-11:25,3-335,EBU6307,Visual Computing,MSH,3,IST,21-24,100,0,0,,
60,1,Thursday,5-Mar,09:50-11:25,3-317,EBU6305,Interactive Media Design and Production,XC,3,EIE,17-20,100,0,0,,
61,1,Thursday,5-Mar,11:30-12:15,3-437,EBU4211,Object-Oriented Programming,PP,2,Tele-G2,6-10,150,0,0,,Tutorial
62,1,Thursday,5-Mar,11:30-12:15,3-435,EBU5315,Interactive Media Design and Production,XC,2,EIE,17-20,100,0,0,,Tutorial
63,1,Thursday,5-Mar,11:30-12:15,3-433,EBU6304,Software Engineering,GG,3,Tele-G1,1-5,150,0,0,,Tutorial
64,1,Thursday,5-Mar,11:30-12:15,3-337,EBU4211,Object-Oriented Programming,HA,2,IoT1,11-13,90,0,0,,Tutorial
65,1,Thursday,5-Mar,13:00-14:35,3-539,EBU6304,Software Engineering,MSH,3,IST,21-24,100,0,0,,
66,1,Thursday,5-Mar,13:00-14:35,3-537,EBU5477,Embedded Systems,MaM,3,IoT1,11-13,90,0,0,,
67,1,Thursday,5-Mar,13:00-14:35,3-535,EBU6304,Software Engineering,GG,3,Tele-G1,1-5,150,0,0,,
68,1,Thursday,5-Mar,13:00-14:35,3-519,EBU6304,Software Engineering,LM,3,EIE,17-20,100,0,0,,
69,1,Thursday,5-Mar,13:00-14:35,3-437,EBU5315,Interactive Media Design and Production,XC,2,EIE,17-20,100,0,0,,
70,1,Thursday,5-Mar,13:00-14:35,3-435,EBU4211,Object-Oriented Programming,PP,2,Tele-G1,1-5,150,0,0,,
71,1,Thursday,5-Mar,13:00-14:35,3-417,EBU4211,Object-Oriented Programming,CL,2,IST,21-24,100,0,0,,
72,1,Thursday,5-Mar,13:00-14:35,3-217,EBU4211,Object-Oriented Programming,HA,2,IoT1,11-13,90,0,0,,
73,1,Thursday,5-Mar,14:45-16:25,3-537,EBU5477,Embedded Systems,MaM,3,IoT2,14-16,90,0,0,,
74,1,Friday,6-Mar,11:30-12:15,3-535,EBU6304,Software Engineering,MSH,3,IST,21-24,100,0,0,,Tutorial
75,1,Friday,6-Mar,11:30-12:15,3-519,EBU5477,Embedded Systems,MaM,3,IoT1,11-13,90,0,0,,Tutorial
76,1,Friday,6-Mar,11:30-12:15,3-437,EBU6304,Software Engineering,LM,3,EIE,17-20,100,0,0,,Tutorial
77,1,Friday,6-Mar,11:30-12:15,3-435,EBU4211,Object-Oriented Programming,HA,2,IoT2,14-16,90,0,0,,Tutorial
78,1,Friday,6-Mar,11:30-12:15,3-433,EBU4211,Object-Oriented Programming,CL,2,EIE,17-20,100,0,0,,Tutorial
79,1,Friday,6-Mar,16:35-17:20,3-335,EBU6304,Software Engineering,LM,3,Tele-G2,6-10,150,0,0,,Tutorial
80,1,Friday,6-Mar,18:30-19:15,3-433,EBU5477,Embedded Systems,MaM,3,IoT2,14-16,90,0,0,,Tutorial
81,2,Monday,9-Mar,13:00-14:35,3-546,EBU5477,Embedded Systems,MaM,3,IoT2,14-16,90,0,0,,
82,2,Monday,9-Mar,14:45-16:25,3-546,EBU6305,Interactive Media Design and Production,XC,3,EIE,17-20,100,0,0,,
83,2,Monday,9-Mar,14:45-16:25,3-540,EBU5503,Database Systems,PF,2,IoT2,14-16,90,0,0,,
84,2,Monday,9-Mar,14:45-16:25,3-539,EBU6307,Visual Computing,MSH,3,IST,21-24,100,0,0,,
85,2,Monday,9-Mar,14:45-16:25,3-537,EBU6304,Software Engineering,GG,3,IoT,11-16,180,0,0,,
86,2,Monday,9-Mar,14:45-16:25,3-535,EBU6366,"Microwave, Millimeter and Optical Transmission",JZ,3,Tele-G1,1-5,150,0,0,,
87,2,Monday,9-Mar,14:45-16:25,3-437,EBU5503,Database Systems,NY,2,IoT1,11-13,90,0,0,,
88,2,Monday,9-Mar,14:45-16:25,3-435,EBU6304,Software Engineering,LM,3,Tele-G2,6-10,150,0,0,,
89,2,Monday,9-Mar,16:35-18:10,3-546,EBU6304,Software Engineering,LM,3,EIE,17-20,100,0,0,,
90,2,Monday,9-Mar,16:35-18:10,3-539,EBU6304,Software Engineering,MSH,3,IST,21-24,100,0,0,,
91,2,Monday,9-Mar,16:35-18:10,3-537,EBU5477,Embedded Systems,MaM,3,IoT1,11-13,90,0,0,,
92,2,Monday,9-Mar,16:35-18:10,3-535,EBU6304,Software Engineering,GG,3,Tele-G1,1-5,150,0,0,,
93,2,Monday,9-Mar,16:35-18:10,3-437,EBU5503,Database Systems,NY,2,IST,21-24,100,0,0,,
94,2,Monday,9-Mar,16:35-18:10,3-435,EBU6366,"Microwave, Millimeter and Optical Transmission",JZ,3,Tele-G2,6-10,150,0,0,,
95,2,Monday,9-Mar,16:35-18:10,3-333,EBU5315,Interactive Media Design and Production,XC,2,EIE,17-20,100,0,0,,
96,2,Monday,9-Mar,18:30-19:15,4-238,EBU6366,"Microwave, Millimeter and Optical Transmission",JZ,3,Tele-G2,6-10,150,0,0,,Tutorial
97,2,Tuesday,10-Mar,13:00-14:35,3-537,EBU6304,Software Engineering,MSH,3,IST,21-24,100,0,0,,
98,2,Tuesday,10-Mar,13:00-14:35,3-535,EBU6304,Software Engineering,LM,3,EIE,17-20,100,0,0,,
99,2,Tuesday,10-Mar,13:00-14:35,3-437,EBU6304,Software Engineering,GG,3,Tele-G1,1-5,150,0,0,,
100,2,Tuesday,10-Mar,13:00-14:35,3-435,EBU5503,Database Systems,NY,2,IST,21-24,100,0,0,,
101,2,Tuesday,10-Mar,13:00-14:35,3-433,EBU6366,"Microwave, Millimeter and Optical Transmission",JZ,3,Tele-G2,6-10,150,0,0,,
102,2,Tuesday,10-Mar,13:00-14:35,3-417,EBU5477,Embedded Systems,MaM,3,IoT1,11-13,90,0,0,,
103,2,Tuesday,10-Mar,13:00-14:35,3-335,EBU5315,Interactive Media Design and Production,XC,2,EIE,17-20,100,0,0,,
104,2,Tuesday,10-Mar,14:45-16:25,3-537,EBU5503,Database Systems,PF,2,IoT2,14-16,90,0,0,,
105,2,Tuesday,10-Mar,14:45-16:25,3-437,EBU5503,Database Systems,NY,2,IoT1,11-13,90,0,0,,
106,2,Tuesday,10-Mar,14:45-16:25,3-433,EBU5477,Embedded Systems,MaM,3,IoT2,14-16,90,0,0,,
107,2,Tuesday,10-Mar,16:35-18:10,3-535,EBU6366,"Microwave, Millimeter and Optical Transmission",JZ,3,Tele-G1,1-5,150,0,0,,
108,2,Tuesday,10-Mar,16:35-18:10,3-435,EBU6304,Software Engineering,LM,3,Tele-G2,6-10,150,0,0,,
109,2,Tuesday,10-Mar,16:35-18:10,3-337,EBU6307,Visual Computing,MSH,3,IST,21-24,100,0,0,,
110,2,Tuesday,10-Mar,16:35-18:10,3-335,EBU6305,Interactive Media Design and Production,XC,3,EIE,17-20,100,0,0,,
111,2,Tuesday,10-Mar,16:35-18:10,3-333,EBU6304,Software Engineering,GG,3,IoT,11-16,180,0,0,,
112,2,Tuesday,10-Mar,18:30-19:15,3-337,EBU6307,Visual Computing,MSH,3,IST,21-24,100,0,0,,Tutorial
113,2,Tuesday,10-Mar,18:30-19:15,3-335,EBU6305,Interactive Media Design and Production,XC,3,EIE,17-20,100,0,0,,Tutorial
114,2,Tuesday,10-Mar,18:30-19:15,3-333,EBU6304,Software Engineering,GG,3,IoT,11-16,180,0,0,,Tutorial
115,2,Wednesday,11-Mar,08:00-09:35,3-540,EBU6307,Visual Computing,MSH,3,IST,21-24,100,0,0,,
116,2,Wednesday,11-Mar,08:00-09:35,3-539,EBU5503,Database Systems,PF,2,IoT2,14-16,90,0,0,,
117,2,Wednesday,11-Mar,08:00-09:35,3-537,EBU6305,Interactive Media Design and Production,XC,3,EIE,17-20,100,0,0,,
118,2,Wednesday,11-Mar,08:00-09:35,3-535,EBU6304,Software Engineering,GG,3,IoT,11-16,180,0,0,,
119,2,Wednesday,11-Mar,08:00-09:35,3-437,EBU5503,Database Systems,NY,2,IoT1,11-13,90,0,0,,
120,2,Wednesday,11-Mar,08:00-09:35,3-435,EBU6366,"Microwave, Millimeter and Optical Transmission",JZ,3,Tele-G1,1-5,150,0,0,,
121,2,Wednesday,11-Mar,08:00-09:35,3-335,EBU6304,Software Engineering,LM,3,Tele-G2,6-10,150,0,0,,
122,2,Wednesday,11-Mar,09:50-11:25,3-540,EBU6304,Software Engineering,MSH,3,IST,21-24,100,0,0,,
123,2,Wednesday,11-Mar,09:50-11:25,3-535,EBU5477,Embedded Systems,MaM,3,IoT1,11-13,90,0,0,,
124,2,Wednesday,11-Mar,09:50-11:25,3-437,EBU6304,Software Engineering,GG,3,Tele-G1,1-5,150,0,0,,
125,2,Wednesday,11-Mar,09:50-11:25,3-435,EBU6304,Software Engineering,LM,3,EIE,17-20,100,0,0,,
126,2,Wednesday,11-Mar,09:50-11:25,3-433,EBU6366,"Microwave, Millimeter and Optical Transmission",JZ,3,Tele-G2,6-10,150,0,0,,
127,2,Wednesday,11-Mar,09:50-11:25,3-333,EBU5315,Interactive Media Design and Production,XC,2,EIE,17-20,100,0,0,,
128,2,Wednesday,11-Mar,13:00-14:35,3-433,EBU5477,Embedded Systems,MaM,3,IoT2,14-16,90,0,0,,
129,2,Wednesday,11-Mar,13:00-14:35,3-417,EBU5503,Database Systems,NY,2,IST,21-24,100,0,0,,
130,2,Thursday,12-Mar,09:50-11:25,3-546,EBU5503,Database Systems,PF,2,IoT2,14-16,90,0,0,,
131,2,Thursday,12-Mar,09:50-11:25,3-535,EBU6307,Visual Computing,MSH,3,IST,21-24,100,0,0,,
132,2,Thursday,12-Mar,09:50-11:25,3-437,EBU5503,Database Systems,NY,2,IoT1,11-13,90,0,0,,
133,2,Thursday,12-Mar,09:50-11:25,3-435,EBU6366,"Microwave, Millimeter and Optical Transmission",JZ,3,Tele-G1,1-5,150,0,0,,
134,2,Thursday,12-Mar,09:50-11:25,3-433,EBU6304,Software Engineering,LM,3,Tele-G2,6-10,150,0,0,,
135,2,Thursday,12-Mar,09:50-11:25,3-337,EBU6304,Software Engineering,GG,3,IoT,11-16,180,0,0,,
136,2,Thursday,12-Mar,09:50-11:25,3-317,EBU6305,Interactive Media Design and Production,XC,3,EIE,17-20,100,0,0,,
137,2,Thursday,12-Mar,11:30-12:15,3-435,EBU5315,Interactive Media Design and Production,XC,2,EIE,17-20,100,0,0,,Tutorial
138,2,Thursday,12-Mar,11:30-12:15,3-433,EBU6304,Software Engineering,GG,3,Tele-G1,1-5,150,0,0,,Tutorial
139,2,Thursday,12-Mar,11:30-12:15,3-417,EBU5503,Database Systems,NY,2,IST,21-24,100,0,0,,Tutorial
140,2,Thursday,12-Mar,13:00-14:35,3-537,EBU6304,Software Engineering,MSH,3,IST,21-24,100,0,0,,
141,2,Thursday,12-Mar,13:00-14:35,3-535,EBU5477,Embedded Systems,MaM,3,IoT1,11-13,90,0,0,,
142,2,Thursday,12-Mar,13:00-14:35,3-519,EBU6304,Software Engineering,LM,3,EIE,17-20,100,0,0,,
143,2,Thursday,12-Mar,13:00-14:35,3-437,EBU6304,Software Engineering,GG,3,Tele-G1,1-5,150,0,0,,
144,2,Thursday,12-Mar,13:00-14:35,3-435,EBU6366,"Microwave, Millimeter and Optical Transmission",JZ,3,Tele-G2,6-10,150,0,0,,
145,2,Thursday,12-Mar,13:00-14:35,3-417,EBU5503,Database Systems,NY,2,IST,21-24,100,0,0,,
146,2,Thursday,12-Mar,13:00-14:35,3-217,EBU5315,Interactive Media Design and Production,XC,2,EIE,17-20,100,0,0,,
147,2,Thursday,12-Mar,14:45-16:25,3-537,EBU5477,Embedded Systems,MaM,3,IoT2,14-16,90,0,0,,
148,2,Friday,13-Mar,11:30-12:15,3-535,EBU6304,Software Engineering,MSH,3,IST,21-24,100,0,0,,Tutorial
149,2,Friday,13-Mar,11:30-12:15,3-519,EBU5477,Embedded Systems,MaM,3,IoT1,11-13,90,0,0,,Tutorial
150,2,Friday,13-Mar,11:30-12:15,3-437,EBU6304,Software Engineering,LM,3,EIE,17-20,100,0,0,,Tutorial
151,2,Friday,13-Mar,11:30-12:15,3-435,EBU5503,Database Systems,NY,2,IoT1,11-13,90,0,0,,Tutorial
152,2,Friday,13-Mar,11:30-12:15,3-337,EBU5503,Database Systems,PF,2,IoT2,14-16,90,0,0,,Tutorial
153,2,Friday,13-Mar,13:50-14:35,3-535,EBU6366,"Microwave, Millimeter and Optical Transmission",JZ,3,Tele-G1,1-5,150,0,0,,Tutorial
154,2,Friday,13-Mar,16:35-17:20,3-335,EBU6304,Software Engineering,LM,3,Tele-G2,6-10,150,0,0,,Tutorial
155,2,Friday,13-Mar,18:30-19:15,3-433,EBU5477,Embedded Systems,MaM,3,IoT2,14-16,90,0,0,,Tutorial
156,3,Monday,16-Mar,14:45-16:25,3-546,EBU5503,Database Systems,NY,2,IST,21-24,100,0,0,,
157,3,Monday,16-Mar,14:45-16:25,3-537,EBU6366,"Microwave, Millimeter and Optical Transmission",JZ,3,Tele-G2,6-10,150,0,0,,
158,3,Monday,16-Mar,14:45-16:25,3-535,EBU5376,Digital Signal Processing  ,RC,2,Tele-G2,6-10,150,0,0,,
159,3,Monday,16-Mar,14:45-16:25,3-437,EBU5212,Communication and Networks,YS,2,IoT1,11-16,180,0,0,,
160,3,Monday,16-Mar,14:45-16:25,3-435,EBU4211,Object-Oriented Programming,CL,2,EIE,17-20,100,0,0,,
161,3,Monday,16-Mar,14:45-16:25,4-202,EBU6475,Microprocessor System Design,JL,3,Tele-G1,1-5,150,0,0,,
162,3,Monday,16-Mar,16:35-18:10,3-546,EBU4211,Object-Oriented Programming,CL,2,IST,21-24,100,0,0,,
163,3,Monday,16-Mar,16:35-18:10,3-537,EBU6475,Microprocessor System Design,JL,3,Tele-G2,6-10,150,0,0,,
164,3,Monday,16-Mar,16:35-18:10,3-535,EBU5408,Digital Audio Fundamentals,MLB,3,EIE,17-20,100,0,0,,
165,3,Monday,16-Mar,16:35-18:10,3-437,EBU5503,Database Systems,NY,2,IoT1,11-13,90,0,0,,
166,3,Monday,16-Mar,16:35-18:10,3-435,EBU5376,Digital Signal Processing  ,RC,2,Tele-G1,1-5,150,0,0,,
167,3,Monday,16-Mar,16:35-18:10,3-333,EBU5503,Database Systems,PF,2,IoT2,14-16,90,0,0,,
168,3,Monday,16-Mar,16:35-18:10,4-202,EBU6366,"Microwave, Millimeter and Optical Transmission",JZ,3,Tele-G1,1-5,150,0,0,,
169,3,Monday,16-Mar,18:30-19:15,4-238,EBU6366,"Microwave, Millimeter and Optical Transmission",JZ,3,Tele-G2,6-10,150,0,0,,Tutorial
170,3,Tuesday,17-Mar,13:00-14:35,3-537,EBU5408,Digital Audio Fundamentals,MLB,3,EIE,17-20,100,0,0,,
171,3,Tuesday,17-Mar,13:00-14:35,3-535,EBU6475,Microprocessor System Design,JL,3,Tele-G2,6-10,150,0,0,,
172,3,Tuesday,17-Mar,13:00-14:35,3-437,EBU5503,Database Systems,NY,2,IoT1,11-13,90,0,0,,
173,3,Tuesday,17-Mar,13:00-14:35,3-435,EBU5376,Digital Signal Processing  ,RC,2,Tele-G1,1-5,150,0,0,,
174,3,Tuesday,17-Mar,13:00-14:35,3-433,EBU5503,Database Systems,PF,2,IoT2,14-16,90,0,0,,
175,3,Tuesday,17-Mar,13:00-14:35,3-417,EBU4211,Object-Oriented Programming,CL,2,IST,21-24,100,0,0,,
176,3,Tuesday,17-Mar,13:00-14:35,3-335,EBU6366,"Microwave, Millimeter and Optical Transmission",JZ,3,Tele-G1,1-5,150,0,0,,
177,3,Tuesday,17-Mar,14:45-16:25,3-535,EBU5503,Database Systems,NY,2,IST,21-24,100,0,0,,
178,3,Tuesday,17-Mar,14:45-16:25,3-437,EBU5212,Communication and Networks,YS,2,IoT1,11-16,180,0,0,,
179,3,Tuesday,17-Mar,14:45-16:25,3-435,EBU4211,Object-Oriented Programming,CL,2,EIE,17-20,100,0,0,,
180,3,Tuesday,17-Mar,14:45-16:25,3-433,EBU5376,Digital Signal Processing  ,RC,2,Tele-G2,6-10,150,0,0,,
181,3,Tuesday,17-Mar,16:35-18:10,3-535,EBU6366,"Microwave, Millimeter and Optical Transmission",JZ,3,Tele-G2,6-10,150,0,0,,
182,3,Tuesday,17-Mar,16:35-18:10,3-435,EBU6475,Microprocessor System Design,JL,3,Tele-G1,1-5,150,0,0,,
183,3,Tuesday,17-Mar,18:30-19:15,3-535,EBU6475,Microprocessor System Design,JL,3,Tele-G1,1-5,150,0,0,,Tutorial
184,3,Wednesday,18-Mar,08:00-09:35,3-535,EBU6475,Microprocessor System Design,JL,3,Tele-G1,1-5,150,0,0,,
185,3,Wednesday,18-Mar,08:00-09:35,3-437,EBU5212,Communication and Networks,YS,2,IoT1,11-16,180,0,0,,
186,3,Wednesday,18-Mar,08:00-09:35,3-435,EBU6366,"Microwave, Millimeter and Optical Transmission",JZ,3,Tele-G2,6-10,150,0,0,,
187,3,Wednesday,18-Mar,08:00-09:35,3-335,EBU5376,Digital Signal Processing  ,RC,2,Tele-G2,6-10,150,0,0,,
188,3,Wednesday,18-Mar,09:50-11:25,3-535,EBU6475,Microprocessor System Design,JL,3,Tele-G2,6-10,150,0,0,,
189,3,Wednesday,18-Mar,09:50-11:25,3-437,EBU5503,Database Systems,NY,2,IoT1,11-13,90,0,0,,
190,3,Wednesday,18-Mar,09:50-11:25,3-435,EBU5376,Digital Signal Processing  ,RC,2,Tele-G1,1-5,150,0,0,,
191,3,Wednesday,18-Mar,09:50-11:25,3-433,EBU5503,Database Systems,PF,2,IoT2,14-16,90,0,0,,
192,3,Wednesday,18-Mar,09:50-11:25,3-335,EBU5408,Digital Audio Fundamentals,MLB,3,EIE,17-20,100,0,0,,
193,3,Wednesday,18-Mar,09:50-11:25,3-333,EBU6366,"Microwave, Millimeter and Optical Transmission",JZ,3,Tele-G1,1-5,150,0,0,,
194,3,Wednesday,18-Mar,13:00-14:35,3-417,EBU4211,Object-Oriented Programming,CL,2,IST,21-24,100,0,0,,
195,3,Wednesday,18-Mar,14:45-16:25,3-435,EBU4211,Object-Oriented Programming,CL,2,EIE,17-20,100,0,0,,
196,3,Wednesday,18-Mar,14:45-16:25,3-333,EBU5503,Database Systems,NY,2,IST,21-24,100,0,0,,
197,3,Wednesday,18-Mar,16:35-17:20,3-437,EBU4211,Object-Oriented Programming,CL,2,IST,21-24,100,0,0,,Tutorial
198,3,Thursday,19-Mar,09:50-11:25,3-535,EBU6475,Microprocessor System Design,JL,3,Tele-G1,1-5,150,0,0,,
199,3,Thursday,19-Mar,09:50-11:25,3-437,EBU5376,Digital Signal Processing  ,RC,2,Tele-G2,6-10,150,0,0,,
200,3,Thursday,19-Mar,09:50-11:25,3-435,EBU4211,Object-Oriented Programming,CL,2,EIE,17-20,100,0,0,,
201,3,Thursday,19-Mar,09:50-11:25,3-433,EBU6366,"Microwave, Millimeter and Optical Transmission",JZ,3,Tele-G2,6-10,150,0,0,,
202,3,Thursday,19-Mar,09:50-11:25,3-337,EBU5212,Communication and Networks,YS,2,IoT1,11-16,180,0,0,,
203,3,Thursday,19-Mar,09:50-11:25,3-317,EBU5503,Database Systems,NY,2,IST,21-24,100,0,0,,
204,3,Thursday,19-Mar,11:30-12:15,3-437,EBU6475,Microprocessor System Design,JL,3,Tele-G2,6-10,150,0,0,,Tutorial
205,3,Thursday,19-Mar,11:30-12:15,3-435,EBU5376,Digital Signal Processing  ,RC,2,Tele-G1,1-5,150,0,0,,Tutorial
206,3,Thursday,19-Mar,11:30-12:15,3-417,EBU5503,Database Systems,NY,2,IST,21-24,100,0,0,,Tutorial
207,3,Thursday,19-Mar,11:30-12:15,3-337,EBU5212,Communication and Networks,YS,2,IoT,11-16,180,0,0,,Tutorial
208,3,Thursday,19-Mar,13:00-14:35,3-537,EBU6475,Microprocessor System Design,JL,3,Tele-G2,6-10,150,0,0,,
209,3,Thursday,19-Mar,13:00-14:35,3-535,EBU6366,"Microwave, Millimeter and Optical Transmission",JZ,3,Tele-G1,1-5,150,0,0,,
210,3,Thursday,19-Mar,13:00-14:35,3-519,EBU5408,Digital Audio Fundamentals,MLB,3,EIE,17-20,100,0,0,,
211,3,Thursday,19-Mar,13:00-14:35,3-437,EBU5503,Database Systems,NY,2,IoT1,11-13,90,0,0,,
212,3,Thursday,19-Mar,13:00-14:35,3-435,EBU5376,Digital Signal Processing  ,RC,2,Tele-G1,1-5,150,0,0,,
213,3,Thursday,19-Mar,13:00-14:35,3-417,EBU5503,Database Systems,PF,2,IoT2,14-16,90,0,0,,
214,3,Thursday,19-Mar,13:00-14:35,3-217,EBU4211,Object-Oriented Programming,CL,2,IST,21-24,100,0,0,,
215,3,Friday,20-Mar,11:30-12:15,3-519,EBU5408,Digital Audio Fundamentals,MLB,3,EIE,17-20,100,0,0,,Tutorial
216,3,Friday,20-Mar,11:30-12:15,3-437,EBU5376,Digital Signal Processing  ,RC,2,Tele-G2,6-10,150,0,0,,Tutorial
217,3,Friday,20-Mar,11:30-12:15,3-435,EBU5503,Database Systems,NY,2,IoT1,11-13,90,0,0,,Tutorial
218,3,Friday,20-Mar,11:30-12:15,3-433,EBU4211,Object-Oriented Programming,CL,2,EIE,17-20,100,0,0,,Tutorial
219,3,Friday,20-Mar,11:30-12:15,3-337,EBU5503,Database Systems,PF,2,IoT2,14-16,90,0,0,,Tutorial
220,3,Friday,20-Mar,13:50-14:35,3-535,EBU6366,"Microwave, Millimeter and Optical Transmission",JZ,3,Tele-G1,1-5,150,0,0,,Tutorial
221,4,Monday,23-Mar,14:45-16:25,3-537,EBU6230,Image and Video Processing,AA,3,EIE,17-20,100,0,0,,
222,4,Monday,23-Mar,14:45-16:25,3-535,EBU6475,Microprocessor System Design,JL,3,Tele-G1,1-5,150,0,0,,
223,4,Monday,23-Mar,14:45-16:25,3-437,EBU5212,Communication and Networks,YS,2,IoT1,11-16,180,0,0,,
224,4,Monday,23-Mar,14:45-16:25,3-435,EBU5606,Product Development and Marketing,BC,3,Tele-G2,6-10,150,0,0,,
225,4,Monday,23-Mar,14:45-16:25,3-333,EBU5477,Embedded Systems,MaM,3,IST,21-24,100,0,0,,
226,4,Monday,23-Mar,16:35-18:10,3-537,EBU5408,Digital Audio Fundamentals,MLB,3,EIE,17-20,100,0,0,,
227,4,Monday,23-Mar,16:35-18:10,3-535,EBU5606,Product Development and Marketing,BH,3,Tele-G1,1-5,150,0,0,,
228,4,Monday,23-Mar,16:35-18:10,3-435,EBU6475,Microprocessor System Design,JL,3,Tele-G2,6-10,150,0,0,,
229,4,Tuesday,24-Mar,13:00-14:35,3-435,EBU6475,Microprocessor System Design,JL,3,Tele-G2,6-10,150,0,0,,
230,4,Tuesday,24-Mar,13:00-14:35,3-433,EBU5408,Digital Audio Fundamentals,MLB,3,EIE,17-20,100,0,0,,
231,4,Tuesday,24-Mar,13:00-14:35,3-335,EBU5606,Product Development and Marketing,BH,3,Tele-G1,1-5,150,0,0,,
232,4,Tuesday,24-Mar,14:45-16:25,3-435,EBU5212,Communication and Networks,YS,2,IoT1,11-16,180,0,0,,
233,4,Tuesday,24-Mar,16:35-18:10,3-535,EBU6475,Microprocessor System Design,JL,3,Tele-G1,1-5,150,0,0,,
234,4,Tuesday,24-Mar,16:35-18:10,3-337,EBU6230,Image and Video Processing,AA,3,EIE,17-20,100,0,0,,
235,4,Tuesday,24-Mar,16:35-18:10,3-335,EBU5477,Embedded Systems,MaM,3,IST,21-24,100,0,0,,
236,4,Tuesday,24-Mar,16:35-18:10,3-333,EBU5606,Product Development and Marketing,BC,3,Tele-G2,6-10,150,0,0,,
237,4,Tuesday,24-Mar,18:30-19:15,3-535,EBU6475,Microprocessor System Design,JL,3,Tele-G1,1-5,150,0,0,,Tutorial
238,4,Tuesday,24-Mar,18:30-19:15,3-435,EBU5606,Product Development and Marketing,BC,3,Tele-G2,6-10,150,0,0,,Tutorial
239,4,Tuesday,24-Mar,18:30-19:15,3-335,EBU5477,Embedded Systems,MaM,3,IST,21-24,100,0,0,,Tutorial
240,4,Wednesday,25-Mar,08:00-09:35,3-537,EBU6230,Image and Video Processing,AA,3,EIE,17-20,100,0,0,,
241,4,Wednesday,25-Mar,08:00-09:35,3-535,EBU5477,Embedded Systems,MaM,3,IST,21-24,100,0,0,,
242,4,Wednesday,25-Mar,08:00-09:35,3-437,EBU5606,Product Development and Marketing,BC,3,Tele-G2,6-10,150,0,0,,
243,4,Wednesday,25-Mar,08:00-09:35,3-435,EBU5212,Communication and Networks,YS,2,IoT1,11-16,180,0,0,,
244,4,Wednesday,25-Mar,08:00-09:35,3-335,EBU6475,Microprocessor System Design,JL,3,Tele-G1,1-5,150,0,0,,
245,4,Wednesday,25-Mar,09:50-11:25,3-537,EBU5408,Digital Audio Fundamentals,MLB,3,EIE,17-20,100,0,0,,
246,4,Wednesday,25-Mar,09:50-11:25,3-437,EBU6475,Microprocessor System Design,JL,3,Tele-G2,6-10,150,0,0,,
247,4,Wednesday,25-Mar,09:50-11:25,3-333,EBU5606,Product Development and Marketing,BH,3,Tele-G1,1-5,150,0,0,,
248,4,Thursday,26-Mar,09:50-11:25,3-437,EBU6475,Microprocessor System Design,JL,3,Tele-G1,1-5,150,0,0,,
249,4,Thursday,26-Mar,09:50-11:25,3-435,EBU5606,Product Development and Marketing,BC,3,Tele-G2,6-10,150,0,0,,
250,4,Thursday,26-Mar,09:50-11:25,3-433,EBU5212,Communication and Networks,YS,2,IoT1,11-16,180,0,0,,
251,4,Thursday,26-Mar,09:50-11:25,3-335,EBU5477,Embedded Systems,MaM,3,IST,21-24,100,0,0,,
252,4,Thursday,26-Mar,09:50-11:25,3-317,EBU6230,Image and Video Processing,AA,3,EIE,17-20,100,0,0,,
253,4,Thursday,26-Mar,11:30-12:15,3-535,EBU5606,Product Development and Marketing,BH,3,Tele-G1,1-5,150,0,0,,Tutorial
254,4,Thursday,26-Mar,11:30-12:15,3-437,EBU6475,Microprocessor System Design,JL,3,Tele-G2,6-10,150,0,0,,Tutorial
255,4,Thursday,26-Mar,11:30-12:15,3-433,EBU6230,Image and Video Processing,AA,3,EIE,17-20,100,0,0,,Tutorial
256,4,Thursday,26-Mar,11:30-12:15,3-337,EBU5212,Communication and Networks,YS,2,IoT,11-16,180,0,0,,Tutorial
257,4,Thursday,26-Mar,13:00-14:35,3-437,EBU5606,Product Development and Marketing,BH,3,Tele-G1,1-5,150,0,0,,
258,4,Thursday,26-Mar,13:00-14:35,3-435,EBU6475,Microprocessor System Design,JL,3,Tele-G2,6-10,150,0,0,,
259,4,Thursday,26-Mar,13:00-14:35,3-417,EBU5408,Digital Audio Fundamentals,MLB,3,EIE,17-20,100,0,0,,
260,4,Friday,27-Mar,11:30-12:15,3-519,EBU5408,Digital Audio Fundamentals,MLB,3,EIE,17-20,100,0,0,,Tutorial
261,4,Thu,26-Mar,08:00-09:35,3-426,EBC5002,PDP3,BC,3,,24,25,0,0,,
262,4,Mon,23-Mar,08:00-09:35,3-305,EBC5002,PDP3,BC,3,,22,25,0,0,,
263,4,Wed,25-Mar,09:50-11:25,3-408,EBC5002,PDP3,BC,3,,23,25,0,0,,
264,4,Fri,27-Mar,13:00-14:35,3-426,EBC5002,PDP3,BC,3,,10,30,0,0,,
265,4,Mon,23-Mar,13:00-14:35,3-326,EBC5002,PDP3,BC,3,,21,25,0,0,,
266,4,Tue,24-Mar,14:45-16:25,3-408,EBC5002,PDP3,BC,3,,09,30,0,0,,
267,5,Monday,30-Mar,13:00-14:35,3-546,EBU5477,Embedded Systems,EL,3,IoT2,14-16,90,0,0,,
268,5,Monday,30-Mar,14:45-16:25,3-546,EBU5606,Product Development and Marketing,BC,3,Tele-G2,6-10,150,0,0,,
269,5,Monday,30-Mar,14:45-16:25,3-539,EBU5477,Embedded Systems,MaM,3,IST,21-24,100,0,0,,
270,5,Monday,30-Mar,14:45-16:25,3-537,EBU4211,Object-Oriented Programming,HA,2,IoT2,14-16,90,0,0,,
271,5,Monday,30-Mar,14:45-16:25,3-535,EBU4202,Digital Circuit Design,XM,2,IoT1,11-13,90,0,0,,
272,5,Monday,30-Mar,14:45-16:25,3-437,EBU4211,Object-Oriented Programming,PP,2,Tele-G2,6-10,150,0,0,,
273,5,Monday,30-Mar,14:45-16:25,3-435,EBU4202,Digital Circuit Design,HS,2,Tele-G1,1-5,150,0,0,,
274,5,Monday,30-Mar,14:45-16:25,3-333,EBU6230,Image and Video Processing,AA,3,EIE,17-20,100,0,0,,
275,5,Monday,30-Mar,14:45-16:25,4-238,EBU6408,Sensors and Radio Frequency Identification,FB,3,IoT,11-16,180,0,0,,
276,5,Monday,30-Mar,14:45-16:25,4-202,EBU4202,Digital Circuit Design,CS,2,EIE,17-20,100,0,0,,
277,5,Monday,30-Mar,16:35-18:10,3-546,EBU5606,Product Development and Marketing,BH,3,Tele-G1,1-5,150,0,0,,
278,5,Monday,30-Mar,16:35-18:10,3-539,EBU6505,Reasoning and Agents,CS,3,IST,21-24,100,0,0,,
279,5,Monday,30-Mar,16:35-18:10,3-537,EBU4202,Digital Circuit Design,FB,2,IoT2,14-16,90,0,0,,
280,5,Monday,30-Mar,16:35-18:10,3-535,EBU4202,Digital Circuit Design,XM,2,IST,21-24,100,0,0,,
281,5,Monday,30-Mar,16:35-18:10,3-437,EBU4202,Digital Circuit Design,HS,2,Tele-G2,6-10,150,0,0,,
282,5,Monday,30-Mar,16:35-18:10,3-435,EBU4211,Object-Oriented Programming,PP,2,Tele-G1,1-5,150,0,0,,
283,5,Monday,30-Mar,16:35-18:10,3-333,EBU4211,Object-Oriented Programming,HA,2,IoT1,11-13,90,0,0,,
284,5,Monday,30-Mar,16:35-18:10,4-238,EBU5477,Embedded Systems,EL,3,IoT1,11-13,90,0,0,,
285,5,Monday,30-Mar,16:35-18:10,4-202,EBU5376,Digital Signal Processing  ,FL,2,EIE,17-20,100,0,0,,
286,5,Monday,30-Mar,18:30-19:15,3-435,EBU4211,Object-Oriented Programming,PP,2,Tele-G1,1-5,150,0,0,,Tutorial
287,5,Tuesday,31-Mar,13:00-14:35,3-537,EBU5477,Embedded Systems,EL,3,IoT1,11-13,90,0,0,,
288,5,Tuesday,31-Mar,13:00-14:35,3-535,EBU4202,Digital Circuit Design,FB,2,IoT2,14-16,90,0,0,,
289,5,Tuesday,31-Mar,13:00-14:35,3-437,EBU4202,Digital Circuit Design,HS,2,Tele-G2,6-10,150,0,0,,
290,5,Tuesday,31-Mar,13:00-14:35,3-435,EBU4211,Object-Oriented Programming,PP,2,Tele-G1,1-5,150,0,0,,
291,5,Tuesday,31-Mar,13:00-14:35,3-433,EBU5606,Product Development and Marketing,BH,3,Tele-G1,1-5,150,0,0,,
292,5,Tuesday,31-Mar,13:00-14:35,3-417,EBU4211,Object-Oriented Programming,HA,2,IoT1,11-13,90,0,0,,
293,5,Tuesday,31-Mar,13:00-14:35,3-337,EBU6505,Reasoning and Agents,CS,3,IST,21-24,100,0,0,,
294,5,Tuesday,31-Mar,13:00-14:35,3-335,EBU4202,Digital Circuit Design,XM,2,IST,21-24,100,0,0,,
295,5,Tuesday,31-Mar,13:00-14:35,4-202,EBU5376,Digital Signal Processing  ,FL,2,EIE,17-20,100,0,0,,
296,5,Tuesday,31-Mar,14:45-16:25,3-535,EBU4211,Object-Oriented Programming,HA,2,IoT2,14-16,90,0,0,,
297,5,Tuesday,31-Mar,14:45-16:25,3-437,EBU4211,Object-Oriented Programming,PP,2,Tele-G2,6-10,150,0,0,,
298,5,Tuesday,31-Mar,14:45-16:25,3-435,EBU4202,Digital Circuit Design,HS,2,Tele-G1,1-5,150,0,0,,
299,5,Tuesday,31-Mar,14:45-16:25,3-433,EBU4202,Digital Circuit Design,XM,2,IoT1,11-13,90,0,0,,
300,5,Tuesday,31-Mar,14:45-16:25,3-337,EBU5477,Embedded Systems,EL,3,IoT2,14-16,90,0,0,,
301,5,Tuesday,31-Mar,14:45-16:25,4-202,EBU4202,Digital Circuit Design,CS,2,EIE,17-20,100,0,0,,
302,5,Tuesday,31-Mar,16:35-18:10,3-535,EBU6230,Image and Video Processing,AA,3,EIE,17-20,100,0,0,,
303,5,Tuesday,31-Mar,16:35-18:10,3-435,EBU5606,Product Development and Marketing,BC,3,Tele-G2,6-10,150,0,0,,
304,5,Tuesday,31-Mar,16:35-18:10,3-335,EBU5477,Embedded Systems,MaM,3,IST,21-24,100,0,0,,
305,5,Tuesday,31-Mar,16:35-18:10,3-333,EBU6408,Sensors and Radio Frequency Identification,FB,3,IoT,11-16,180,0,0,,
306,5,Tuesday,31-Mar,18:30-19:15,3-435,EBU5606,Product Development and Marketing,BC,3,Tele-G2,6-10,150,0,0,,Tutorial
307,5,Tuesday,31-Mar,18:30-19:15,3-335,EBU5477,Embedded Systems,MaM,3,IST,21-24,100,0,0,,Tutorial
308,5,Wednesday,1-Apr,08:00-09:35,3-540,EBU5477,Embedded Systems,MaM,3,IST,21-24,100,0,0,,
309,5,Wednesday,1-Apr,08:00-09:35,3-539,EBU6230,Image and Video Processing,AA,3,EIE,17-20,100,0,0,,
310,5,Wednesday,1-Apr,08:00-09:35,3-537,EBU5606,Product Development and Marketing,BC,3,Tele-G2,6-10,150,0,0,,
311,5,Wednesday,1-Apr,08:00-09:35,3-535,EBU4211,Object-Oriented Programming,HA,2,IoT2,14-16,90,0,0,,
312,5,Wednesday,1-Apr,08:00-09:35,3-437,EBU4211,Object-Oriented Programming,PP,2,Tele-G2,6-10,150,0,0,,
313,5,Wednesday,1-Apr,08:00-09:35,3-435,EBU4202,Digital Circuit Design,HS,2,Tele-G1,1-5,150,0,0,,
314,5,Wednesday,1-Apr,08:00-09:35,3-335,EBU4202,Digital Circuit Design,XM,2,IoT1,11-13,90,0,0,,
315,5,Wednesday,1-Apr,08:00-09:35,4-238,EBU6408,Sensors and Radio Frequency Identification,FB,3,IoT,11-16,180,0,0,,
316,5,Wednesday,1-Apr,09:50-11:25,3-540,EBU6505,Reasoning and Agents,CS,3,IST,21-24,100,0,0,,
317,5,Wednesday,1-Apr,09:50-11:25,3-535,EBU4202,Digital Circuit Design,FB,2,IoT2,14-16,90,0,0,,
318,5,Wednesday,1-Apr,09:50-11:25,3-437,EBU4202,Digital Circuit Design,HS,2,Tele-G2,6-10,150,0,0,,
319,5,Wednesday,1-Apr,09:50-11:25,3-435,EBU4211,Object-Oriented Programming,PP,2,Tele-G1,1-5,150,0,0,,
320,5,Wednesday,1-Apr,09:50-11:25,3-433,EBU4211,Object-Oriented Programming,HA,2,IoT1,11-13,90,0,0,,
321,5,Wednesday,1-Apr,09:50-11:25,3-337,EBU5606,Product Development and Marketing,BH,3,Tele-G1,1-5,150,0,0,,
322,5,Wednesday,1-Apr,09:50-11:25,3-333,EBU5376,Digital Signal Processing  ,FL,2,EIE,17-20,100,0,0,,
323,5,Wednesday,1-Apr,09:50-11:25,4-238,EBU5477,Embedded Systems,EL,3,IoT1,11-13,90,0,0,,
324,5,Wednesday,1-Apr,13:00-14:35,3-433,EBU5477,Embedded Systems,EL,3,IoT2,14-16,90,0,0,,
325,5,Wednesday,1-Apr,13:00-14:35,3-417,EBU4202,Digital Circuit Design,XM,2,IST,21-24,100,0,0,,
326,5,Wednesday,1-Apr,14:45-16:25,3-435,EBU4202,Digital Circuit Design,CS,2,EIE,17-20,100,0,0,,
327,5,Thursday,2-Apr,09:50-11:25,3-546,EBU6230,Image and Video Processing,AA,3,EIE,17-20,100,0,0,,
328,5,Thursday,2-Apr,09:50-11:25,3-537,EBU6408,Sensors and Radio Frequency Identification,FB,3,IoT,11-16,180,0,0,,
329,5,Thursday,2-Apr,09:50-11:25,3-535,EBU5606,Product Development and Marketing,BC,3,Tele-G2,6-10,150,0,0,,
330,5,Thursday,2-Apr,09:50-11:25,3-437,EBU4211,Object-Oriented Programming,PP,2,Tele-G2,6-10,150,0,0,,
331,5,Thursday,2-Apr,09:50-11:25,3-435,EBU4202,Digital Circuit Design,HS,2,Tele-G1,1-5,150,0,0,,
332,5,Thursday,2-Apr,09:50-11:25,3-433,EBU4211,Object-Oriented Programming,HA,2,IoT2,14-16,90,0,0,,
333,5,Thursday,2-Apr,09:50-11:25,3-337,EBU4202,Digital Circuit Design,CS,2,EIE,17-20,100,0,0,,
334,5,Thursday,2-Apr,09:50-11:25,3-335,EBU5477,Embedded Systems,MaM,3,IST,21-24,100,0,0,,
335,5,Thursday,2-Apr,09:50-11:25,3-317,EBU4202,Digital Circuit Design,XM,2,IoT1,11-13,90,0,0,,
336,5,Thursday,2-Apr,11:30-12:15,3-537,EBU6408,Sensors and Radio Frequency Identification,FB,3,IoT,11-16,180,0,0,,Tutorial
337,5,Thursday,2-Apr,11:30-12:15,3-535,EBU5606,Product Development and Marketing,BH,3,Tele-G1,1-5,150,0,0,,Tutorial
338,5,Thursday,2-Apr,11:30-12:15,3-437,EBU4211,Object-Oriented Programming,PP,2,Tele-G2,6-10,150,0,0,,Tutorial
339,5,Thursday,2-Apr,11:30-12:15,3-433,EBU6230,Image and Video Processing,AA,3,EIE,17-20,100,0,0,,Tutorial
340,5,Thursday,2-Apr,11:30-12:15,3-417,EBU5376,Digital Signal Processing  ,FL,2,EIE,17-20,100,0,0,,Tutorial
341,5,Thursday,2-Apr,11:30-12:15,3-337,EBU4211,Object-Oriented Programming,HA,2,IoT1,11-13,90,0,0,,Tutorial
342,5,Thursday,2-Apr,13:00-14:35,3-546,EBU6505,Reasoning and Agents,CS,3,IST,21-24,100,0,0,,
343,5,Thursday,2-Apr,13:00-14:35,3-539,EBU5606,Product Development and Marketing,BH,3,Tele-G1,1-5,150,0,0,,
344,5,Thursday,2-Apr,13:00-14:35,3-537,EBU4202,Digital Circuit Design,XM,2,IST,21-24,100,0,0,,
345,5,Thursday,2-Apr,13:00-14:35,3-535,EBU5376,Digital Signal Processing  ,FL,2,EIE,17-20,100,0,0,,
346,5,Thursday,2-Apr,13:00-14:35,3-519,EBU5477,Embedded Systems,EL,3,IoT1,11-13,90,0,0,,
347,5,Thursday,2-Apr,13:00-14:35,3-437,EBU4202,Digital Circuit Design,HS,2,Tele-G2,6-10,150,0,0,,
348,5,Thursday,2-Apr,13:00-14:35,3-435,EBU4211,Object-Oriented Programming,PP,2,Tele-G1,1-5,150,0,0,,
349,5,Thursday,2-Apr,13:00-14:35,3-417,EBU4211,Object-Oriented Programming,HA,2,IoT1,11-13,90,0,0,,
350,5,Thursday,2-Apr,13:00-14:35,3-217,EBU4202,Digital Circuit Design,FB,2,IoT2,14-16,90,0,0,,
351,5,Thursday,2-Apr,14:45-16:25,3-537,EBU5477,Embedded Systems,EL,3,IoT2,14-16,90,0,0,,
352,5,Friday,3-Apr,11:30-12:15,3-535,EBU6505,Reasoning and Agents,CS,3,IST,21-24,100,0,0,,Tutorial
353,5,Friday,3-Apr,11:30-12:15,3-519,EBU5477,Embedded Systems,EL,3,IoT1,11-13,90,0,0,,Tutorial
354,5,Friday,3-Apr,11:30-12:15,3-435,EBU4211,Object-Oriented Programming,HA,2,IoT2,14-16,90,0,0,,Tutorial
355,5,Friday,3-Apr,11:30-12:15,3-433,,Digital Circuit Design,,2,Tele-G1,1-5,150,0,0,,Tutorial
356,5,Friday,3-Apr,11:30-12:15,4-202,,Digital Circuit Design,,2,IST,21-24,100,0,0,,Tutorial
357,5,Friday,3-Apr,16:35-17:20,3-540,,Digital Circuit Design,,2,EIE,17-20,100,0,0,,Tutorial
358,5,Friday,3-Apr,16:35-17:20,3-535,,Digital Circuit Design,,2,IoT2,14-16,90,0,0,,Tutorial
359,5,Friday,3-Apr,16:35-17:20,3-337,,Digital Circuit Design,,2,Tele-G2,6-10,150,0,0,,Tutorial
360,5,Friday,3-Apr,16:35-17:20,3-335,,Digital Circuit Design,,2,IoT1,11-13,90,0,0,,Tutorial
361,5,Friday,3-Apr,18:30-19:15,3-433,EBU5477,Embedded Systems,EL,3,IoT2,14-16,90,0,0,,Tutorial
362,5,Fri,3-Apr,08:00-09:35,3-428,EBC5002,PDP3,BC,3,,06,30,0,0,,
363,5,Thu,2-Apr,08:00-09:35,3-426,EBC5002,PDP3,BC,3,,03,30,0,0,,
364,5,Wed,1-Apr,08:00-09:35,3-408,EBC4002,PDP2,FL,2,,23,25,0,0,,
365,5,Mon,30-Mar,08:00-09:35,3-305,EBC5002,PDP3,BC,3,,01,30,0,0,,
366,5,Mon,30-Mar,09:50-11:25,3-326,EBC4002,PDP2,FL,2,,02,30,0,0,,
367,5,Tue,31-Mar,09:50-11:25,3-326,EBC4002,PDP2,FL,2,,21,25,0,0,,
368,5,Thu,2-Apr,09:50-11:25,3-326,EBC4002,PDP2,FL,2,,22,25,0,0,,
369,5,Wed,1-Apr,13:00-14:35,3-426,EBC5002,PDP3,BC,3,,05,30,0,0,,
370,5,Fri,3-Apr,13:00-14:35,3-328,EBC5002,PDP3,BC,3,,04,30,0,0,,
371,5,Tue,31-Mar,14:45-16:25,3-408,EBC5002,PDP3,BC,3,,02,30,0,0,,
372,5,Mon,30-Mar,14:45-16:25,3-326,EBC4002,PDP2,FL,2,,24,25,0,0,,
373,5,Tue,31-Mar,16:35-18:10,3-108,EBC4002,PDP2,FL,2,,01,30,0,0,,
374,6,Monday,6-Apr,14:45-16:25,3-546,EBU6475,Microprocessor System Design,JL,3,Tele-G1,1-5,150,0,0,,
375,6,Monday,6-Apr,14:45-16:25,3-537,EBU4202,Digital Circuit Design,CS,2,EIE,17-20,100,0,0,,
376,6,Monday,6-Apr,14:45-16:25,3-535,EBU4202,Digital Circuit Design,XM,2,IoT1,11-13,90,0,0,,
377,6,Monday,6-Apr,14:45-16:25,3-437,EBU5376,Digital Signal Processing  ,RC,2,Tele-G2,6-10,150,0,0,,
378,6,Monday,6-Apr,14:45-16:25,3-435,EBU4202,Digital Circuit Design,HS,2,Tele-G1,1-5,150,0,0,,
379,6,Monday,6-Apr,14:45-16:25,3-333,EBU6408,Sensors and Radio Frequency Identification,FB,3,IoT,11-16,180,0,0,,
380,6,Monday,6-Apr,14:45-16:25,4-202,EBU5017,AI Law,MM,2,IST,21-24,100,0,0,,
381,6,Monday,6-Apr,16:35-18:10,3-546,EBU6475,Microprocessor System Design,JL,3,Tele-G2,6-10,150,0,0,,
382,6,Monday,6-Apr,16:35-18:10,3-537,EBU5376,Digital Signal Processing  ,FL,2,EIE,17-20,100,0,0,,
383,6,Monday,6-Apr,16:35-18:10,3-535,EBU6505,Reasoning and Agents,CS,3,IST,21-24,100,0,0,,
384,6,Monday,6-Apr,16:35-18:10,3-437,EBU4202,Digital Circuit Design,HS,2,Tele-G2,6-10,150,0,0,,
385,6,Monday,6-Apr,16:35-18:10,3-435,EBU5376,Digital Signal Processing  ,RC,2,Tele-G1,1-5,150,0,0,,
386,6,Monday,6-Apr,16:35-18:10,3-333,EBU4202,Digital Circuit Design,FB,2,IoT2,14-16,90,0,0,,
387,6,Monday,6-Apr,16:35-18:10,4-202,EBU4202,Digital Circuit Design,XM,2,IST,21-24,100,0,0,,
388,6,Tuesday,7-Apr,13:00-14:35,3-535,EBU6475,Microprocessor System Design,JL,3,Tele-G2,6-10,150,0,0,,
389,6,Tuesday,7-Apr,13:00-14:35,3-437,EBU4202,Digital Circuit Design,HS,2,Tele-G2,6-10,150,0,0,,
390,6,Tuesday,7-Apr,13:00-14:35,3-435,EBU5376,Digital Signal Processing  ,RC,2,Tele-G1,1-5,150,0,0,,
391,6,Tuesday,7-Apr,13:00-14:35,3-433,EBU4202,Digital Circuit Design,FB,2,IoT2,14-16,90,0,0,,
392,6,Tuesday,7-Apr,13:00-14:35,3-417,EBU6505,Reasoning and Agents,CS,3,IST,21-24,100,0,0,,
393,6,Tuesday,7-Apr,13:00-14:35,3-335,EBU5376,Digital Signal Processing  ,FL,2,EIE,17-20,100,0,0,,
394,6,Tuesday,7-Apr,13:00-14:35,4-202,EBU4202,Digital Circuit Design,XM,2,IST,21-24,100,0,0,,
395,6,Tuesday,7-Apr,14:45-16:25,3-535,EBU4202,Digital Circuit Design,XM,2,IoT1,11-13,90,0,0,,
396,6,Tuesday,7-Apr,14:45-16:25,3-437,EBU5376,Digital Signal Processing  ,RC,2,Tele-G2,6-10,150,0,0,,
397,6,Tuesday,7-Apr,14:45-16:25,3-435,EBU4202,Digital Circuit Design,HS,2,Tele-G1,1-5,150,0,0,,
398,6,Tuesday,7-Apr,14:45-16:25,3-433,EBU4202,Digital Circuit Design,CS,2,EIE,17-20,100,0,0,,
399,6,Tuesday,7-Apr,14:45-16:25,4-202,EBU5017,AI Law,MM,2,IST,21-24,100,0,0,,
400,6,Tuesday,7-Apr,16:35-18:10,3-535,EBU6475,Microprocessor System Design,JL,3,Tele-G1,1-5,150,0,0,,
401,6,Tuesday,7-Apr,16:35-18:10,3-333,EBU6408,Sensors and Radio Frequency Identification,FB,3,IoT,11-16,180,0,0,,
402,6,Tuesday,7-Apr,18:30-19:15,3-535,EBU6475,Microprocessor System Design,JL,3,Tele-G1,1-5,150,0,0,,Tutorial
403,6,Wednesday,8-Apr,08:00-09:35,3-537,EBU6408,Sensors and Radio Frequency Identification,FB,3,IoT,11-16,180,0,0,,
404,6,Wednesday,8-Apr,08:00-09:35,3-535,EBU6475,Microprocessor System Design,JL,3,Tele-G1,1-5,150,0,0,,
405,6,Wednesday,8-Apr,08:00-09:35,3-437,EBU5376,Digital Signal Processing  ,RC,2,Tele-G2,6-10,150,0,0,,
406,6,Wednesday,8-Apr,08:00-09:35,3-435,EBU4202,Digital Circuit Design,HS,2,Tele-G1,1-5,150,0,0,,
407,6,Wednesday,8-Apr,08:00-09:35,3-335,EBU4202,Digital Circuit Design,XM,2,IoT1,11-13,90,0,0,,
408,6,Wednesday,8-Apr,09:50-11:25,3-537,EBU6475,Microprocessor System Design,JL,3,Tele-G2,6-10,150,0,0,,
409,6,Wednesday,8-Apr,09:50-11:25,3-535,EBU5376,Digital Signal Processing  ,FL,2,EIE,17-20,100,0,0,,
410,6,Wednesday,8-Apr,09:50-11:25,3-437,EBU4202,Digital Circuit Design,HS,2,Tele-G2,6-10,150,0,0,,
411,6,Wednesday,8-Apr,09:50-11:25,3-435,EBU5376,Digital Signal Processing  ,RC,2,Tele-G1,1-5,150,0,0,,
412,6,Wednesday,8-Apr,09:50-11:25,3-433,EBU4202,Digital Circuit Design,FB,2,IoT2,14-16,90,0,0,,
413,6,Wednesday,8-Apr,09:50-11:25,3-333,EBU6505,Reasoning and Agents,CS,3,IST,21-24,100,0,0,,
414,6,Wednesday,8-Apr,13:00-14:35,3-417,EBU4202,Digital Circuit Design,XM,2,IST,21-24,100,0,0,,
415,6,Wednesday,8-Apr,14:45-16:25,3-435,EBU4202,Digital Circuit Design,CS,2,EIE,17-20,100,0,0,,
416,6,Wednesday,8-Apr,14:45-16:25,3-211,EBU5017,AI Law,MM,2,IST,21-24,100,0,0,,
417,6,Thursday,9-Apr,09:50-11:25,3-537,EBU6408,Sensors and Radio Frequency Identification,FB,3,IoT,11-16,180,0,0,,
418,6,Thursday,9-Apr,09:50-11:25,3-535,EBU6475,Microprocessor System Design,JL,3,Tele-G1,1-5,150,0,0,,
419,6,Thursday,9-Apr,09:50-11:25,3-437,EBU5376,Digital Signal Processing  ,RC,2,Tele-G2,6-10,150,0,0,,
420,6,Thursday,9-Apr,09:50-11:25,3-435,EBU4202,Digital Circuit Design,HS,2,Tele-G1,1-5,150,0,0,,
421,6,Thursday,9-Apr,09:50-11:25,3-433,EBU4202,Digital Circuit Design,XM,2,IoT1,11-13,90,0,0,,
422,6,Thursday,9-Apr,09:50-11:25,3-337,EBU5017,AI Law,MM,2,IST,21-24,100,0,0,,
423,6,Thursday,9-Apr,09:50-11:25,3-317,EBU4202,Digital Circuit Design,CS,2,EIE,17-20,100,0,0,,
424,6,Thursday,9-Apr,11:30-12:15,3-537,EBU6408,Sensors and Radio Frequency Identification,FB,3,IoT,11-16,180,0,0,,Tutorial
425,6,Thursday,9-Apr,11:30-12:15,3-437,EBU6475,Microprocessor System Design,JL,3,Tele-G2,6-10,150,0,0,,Tutorial
426,6,Thursday,9-Apr,11:30-12:15,3-435,EBU5376,Digital Signal Processing  ,RC,2,Tele-G1,1-5,150,0,0,,Tutorial
427,6,Thursday,9-Apr,11:30-12:15,3-417,EBU5376,Digital Signal Processing  ,FL,2,EIE,17-20,100,0,0,,Tutorial
428,6,Thursday,9-Apr,13:00-14:35,3-537,EBU6475,Microprocessor System Design,JL,3,Tele-G2,6-10,150,0,0,,
429,6,Thursday,9-Apr,13:00-14:35,3-535,EBU4202,Digital Circuit Design,XM,2,IST,21-24,100,0,0,,
430,6,Thursday,9-Apr,13:00-14:35,3-519,EBU6505,Reasoning and Agents,CS,3,IST,21-24,100,0,0,,
431,6,Thursday,9-Apr,13:00-14:35,3-437,EBU4202,Digital Circuit Design,HS,2,Tele-G2,6-10,150,0,0,,
432,6,Thursday,9-Apr,13:00-14:35,3-435,EBU5376,Digital Signal Processing  ,RC,2,Tele-G1,1-5,150,0,0,,
433,6,Thursday,9-Apr,13:00-14:35,3-417,EBU4202,Digital Circuit Design,FB,2,IoT2,14-16,90,0,0,,
434,6,Thursday,9-Apr,13:00-14:35,3-217,EBU5376,Digital Signal Processing  ,FL,2,EIE,17-20,100,0,0,,
435,6,Friday,10-Apr,11:30-12:15,3-535,EBU6505,Reasoning and Agents,CS,3,IST,21-24,100,0,0,,Tutorial
436,6,Friday,10-Apr,11:30-12:15,3-519,EBU5017,AI Law,MM,2,IST,21-24,100,0,0,,Tutorial
437,6,Friday,10-Apr,11:30-12:15,3-437,EBU5376,Digital Signal Processing  ,RC,2,Tele-G2,6-10,150,0,0,,Tutorial
438,6,Friday,10-Apr,16:35-17:20,3-540,,Digital Circuit Design,,2,EIE,17-20,100,0,0,,Tutorial
439,6,Friday,10-Apr,16:35-17:20,3-537,,Digital Circuit Design,,2,IST,21-24,100,0,0,,Tutorial
440,6,Friday,10-Apr,16:35-17:20,3-535,,Digital Circuit Design,,2,IoT2,14-16,90,0,0,,Tutorial
441,6,Friday,10-Apr,16:35-17:20,3-435,EBU4202,Digital Circuit Design,HS,2,Tele-G1,1-5,150,0,0,,Tutorial
442,6,Friday,10-Apr,16:35-17:20,3-337,,Digital Circuit Design,,2,Tele-G2,6-10,150,0,0,,Tutorial
443,6,Friday,10-Apr,16:35-17:20,3-335,,Digital Circuit Design,,2,IoT1,11-13,90,0,0,,Tutorial
444,6,Wed,8-Apr,08:00-09:35,3-426,EBC4002,PDP2,FL,2,,15,30,0,0,,
445,6,Thu,9-Apr,08:00-09:35,3-426,EBC5002,PDP3,MM,3,,20,25,0,0,,
446,6,Wed,8-Apr,08:00-09:35,3-408,EBC5002,PDP3,MM,3,,18,25,0,0,,
447,6,Thu,9-Apr,08:00-09:35,3-328,EBC4002,PDP2,FL,2,,12,30,0,0,,
448,6,Wed,8-Apr,09:50-11:25,3-408,EBC5002,PDP3,MM,3,,19,25,0,0,,
449,6,Tue,7-Apr,09:50-11:25,3-326,EBC4002,PDP2,FL,2,,14,30,0,0,,
450,6,Fri,10-Apr,13:00-14:35,3-328,EBC4002,PDP2,FL,2,,13,30,0,0,,
451,6,Fri,10-Apr,14:45-16:25,3-328,EBC4002,PDP2,FL,2,,16,30,0,0,,
452,6,Fri,10-Apr,14:45-16:25,3-311,EBC5002,PDP3,MM,3,,07,30,0,0,,
453,6,Tue,7-Apr,16:35-18:10,3-428,EBC4002,PDP2,FL,2,,11,30,0,0,,
454,6,Tue,7-Apr,16:35-18:10,3-108,EBC5002,PDP3,MM,3,,17,25,0,0,,
455,7,Monday,13-Apr,14:45-16:25,3-539,EBU6307,Visual Computing,MSH,3,IST,21-24,100,0,0,,
456,7,Monday,13-Apr,14:45-16:25,3-537,EBU6305,Interactive Media Design and Production,MLB,3,EIE,17-20,100,0,0,,
457,7,Monday,13-Apr,14:45-16:25,3-535,EBU6475,Microprocessor System Design,JL,3,Tele-G1,1-5,150,0,0,,
458,7,Monday,13-Apr,14:45-16:25,3-437,EBU6304,Software Engineering,RI,3,Tele-G2,6-10,150,0,0,,
459,7,Monday,13-Apr,14:45-16:25,3-435,EBU5017,AI Law,MM,2,IST,21-24,100,0,0,,
460,7,Monday,13-Apr,14:45-16:25,3-333,EBU6304,Software Engineering,AWo,3,IoT,11-16,180,0,0,,
461,7,Monday,13-Apr,16:35-18:10,3-539,EBU6304,Software Engineering,MSH,3,IST,21-24,100,0,0,,
462,7,Monday,13-Apr,16:35-18:10,3-535,EBU6304,Software Engineering,AWo,3,Tele-G1,1-5,150,0,0,,
463,7,Monday,13-Apr,16:35-18:10,3-437,EBU6475,Microprocessor System Design,JL,3,Tele-G2,6-10,150,0,0,,
464,7,Monday,13-Apr,16:35-18:10,3-435,EBU5315,Interactive Media Design and Production,MLB,2,EIE,17-20,100,0,0,,
465,7,Monday,13-Apr,16:35-18:10,3-333,EBU6304,Software Engineering,RI,3,EIE,17-20,100,0,0,,
466,7,Tuesday,14-Apr,13:00-14:35,3-437,EBU6304,Software Engineering,RI,3,EIE,17-20,100,0,0,,
467,7,Tuesday,14-Apr,13:00-14:35,3-435,EBU6304,Software Engineering,AWo,3,Tele-G1,1-5,150,0,0,,
468,7,Tuesday,14-Apr,13:00-14:35,3-433,EBU5315,Interactive Media Design and Production,MLB,2,EIE,17-20,100,0,0,,
469,7,Tuesday,14-Apr,13:00-14:35,3-417,EBU6304,Software Engineering,MSH,3,IST,21-24,100,0,0,,
470,7,Tuesday,14-Apr,13:00-14:35,3-335,EBU6475,Microprocessor System Design,JL,3,Tele-G2,6-10,150,0,0,,
471,7,Tuesday,14-Apr,14:45-16:25,3-435,EBU5017,AI Law,MM,2,IST,21-24,100,0,0,,
472,7,Tuesday,14-Apr,16:35-18:10,3-535,EBU6475,Microprocessor System Design,JL,3,Tele-G1,1-5,150,0,0,,
473,7,Tuesday,14-Apr,16:35-18:10,3-435,EBU6304,Software Engineering,RI,3,Tele-G2,6-10,150,0,0,,
474,7,Tuesday,14-Apr,16:35-18:10,3-337,EBU6307,Visual Computing,MSH,3,IST,21-24,100,0,0,,
475,7,Tuesday,14-Apr,16:35-18:10,3-335,EBU6305,Interactive Media Design and Production,MLB,3,EIE,17-20,100,0,0,,
476,7,Tuesday,14-Apr,16:35-18:10,3-333,EBU6304,Software Engineering,AWo,3,IoT,11-16,180,0,0,,
477,7,Tuesday,14-Apr,18:30-19:15,3-535,EBU6475,Microprocessor System Design,JL,3,Tele-G1,1-5,150,0,0,,Tutorial
478,7,Tuesday,14-Apr,18:30-19:15,3-337,EBU6307,Visual Computing,MSH,3,IST,21-24,100,0,0,,Tutorial
479,7,Tuesday,14-Apr,18:30-19:15,3-335,EBU6305,Interactive Media Design and Production,MLB,3,EIE,17-20,100,0,0,,Tutorial
480,7,Tuesday,14-Apr,18:30-19:15,3-333,EBU6304,Software Engineering,AWo,3,IoT,11-16,180,0,0,,Tutorial
481,7,Wednesday,15-Apr,08:00-09:35,3-537,EBU6307,Visual Computing,MSH,3,IST,21-24,100,0,0,,
482,7,Wednesday,15-Apr,08:00-09:35,3-535,EBU6305,Interactive Media Design and Production,MLB,3,EIE,17-20,100,0,0,,
483,7,Wednesday,15-Apr,08:00-09:35,3-437,EBU6475,Microprocessor System Design,JL,3,Tele-G1,1-5,150,0,0,,
484,7,Wednesday,15-Apr,08:00-09:35,3-435,EBU6304,Software Engineering,AWo,3,IoT,11-16,180,0,0,,
485,7,Wednesday,15-Apr,08:00-09:35,3-335,EBU6304,Software Engineering,RI,3,Tele-G2,6-10,150,0,0,,
486,7,Wednesday,15-Apr,09:50-11:25,3-537,EBU6304,Software Engineering,MSH,3,IST,21-24,100,0,0,,
487,7,Wednesday,15-Apr,09:50-11:25,3-437,EBU6304,Software Engineering,RI,3,EIE,17-20,100,0,0,,
488,7,Wednesday,15-Apr,09:50-11:25,3-435,EBU6304,Software Engineering,AWo,3,Tele-G1,1-5,150,0,0,,
489,7,Wednesday,15-Apr,09:50-11:25,3-433,EBU5315,Interactive Media Design and Production,MLB,2,EIE,17-20,100,0,0,,
490,7,Wednesday,15-Apr,09:50-11:25,3-335,EBU6475,Microprocessor System Design,JL,3,Tele-G2,6-10,150,0,0,,
491,7,Wednesday,15-Apr,14:45-16:25,3-435,EBU5017,AI Law,MM,2,IST,21-24,100,0,0,,
492,7,Thursday,16-Apr,09:50-11:25,3-535,EBU6307,Visual Computing,MSH,3,IST,21-24,100,0,0,,
493,7,Thursday,16-Apr,09:50-11:25,3-437,EBU6304,Software Engineering,AWo,3,IoT,11-16,180,0,0,,
494,7,Thursday,16-Apr,09:50-11:25,3-435,EBU5017,AI Law,MM,2,IST,21-24,100,0,0,,
495,7,Thursday,16-Apr,09:50-11:25,3-433,EBU6475,Microprocessor System Design,JL,3,Tele-G1,1-5,150,0,0,,
496,7,Thursday,16-Apr,09:50-11:25,3-337,EBU6304,Software Engineering,RI,3,Tele-G2,6-10,150,0,0,,
497,7,Thursday,16-Apr,09:50-11:25,3-335,EBU6305,Interactive Media Design and Production,MLB,3,EIE,17-20,100,0,0,,
498,7,Thursday,16-Apr,11:30-12:15,3-437,EBU6475,Microprocessor System Design,JL,3,Tele-G2,6-10,150,0,0,,Tutorial
499,7,Thursday,16-Apr,11:30-12:15,3-435,EBU5315,Interactive Media Design and Production,MLB,2,EIE,17-20,100,0,0,,Tutorial
500,7,Thursday,16-Apr,11:30-12:15,3-433,EBU6304,Software Engineering,AWo,3,Tele-G1,1-5,150,0,0,,Tutorial
501,7,Thursday,16-Apr,13:00-14:35,3-535,EBU6475,Microprocessor System Design,JL,3,Tele-G2,6-10,150,0,0,,
502,7,Thursday,16-Apr,13:00-14:35,3-519,EBU6304,Software Engineering,MSH,3,IST,21-24,100,0,0,,
503,7,Thursday,16-Apr,13:00-14:35,3-437,EBU6304,Software Engineering,AWo,3,Tele-G1,1-5,150,0,0,,
504,7,Thursday,16-Apr,13:00-14:35,3-435,EBU5315,Interactive Media Design and Production,MLB,2,EIE,17-20,100,0,0,,
505,7,Thursday,16-Apr,13:00-14:35,3-417,EBU6304,Software Engineering,RI,3,EIE,17-20,100,0,0,,
506,7,Friday,17-Apr,11:30-12:15,3-535,EBU6304,Software Engineering,MSH,3,IST,21-24,100,0,0,,Tutorial
507,7,Friday,17-Apr,11:30-12:15,3-519,EBU5017,AI Law,MM,2,IST,21-24,100,0,0,,Tutorial
508,7,Friday,17-Apr,11:30-12:15,3-437,EBU6304,Software Engineering,RI,3,EIE,17-20,100,0,0,,Tutorial
509,7,Friday,17-Apr,16:35-17:20,3-335,EBU6304,Software Engineering,RI,3,Tele-G2,6-10,150,0,0,,Tutorial
510,7,Fri,17-Apr,08:00-09:35,3-428,EBC5002,PDP3,MM,3,,16,30,0,0,,
511,7,Thu,16-Apr,08:00-09:35,3-426,EBC5002,PDP3,MM,3,,08,30,0,0,,
512,7,Wed,15-Apr,09:50-11:25,3-408,EBC5002,PDP3,MM,3,,14,30,0,0,,
513,7,Wed,15-Apr,13:00-14:35,3-426,EBC5002,PDP3,MM,3,,15,30,0,0,,
514,7,Tue,14-Apr,13:00-14:35,3-408,EBC5002,PDP3,MM,3,,13,30,0,0,,
515,8,Monday,20-Apr,13:00-14:35,3-546,EBU5477,Embedded Systems,EL,3,IoT2,14-16,90,0,0,,
516,8,Monday,20-Apr,14:45-16:25,3-546,EBU6304,Software Engineering,AWo,3,IoT,11-16,180,0,0,,
517,8,Monday,20-Apr,14:45-16:25,3-540,EBU5503,Database Systems,CL,2,IoT2,14-16,90,0,0,,
518,8,Monday,20-Apr,14:45-16:25,3-539,EBU6307,Visual Computing,MSH,3,IST,21-24,100,0,0,,
519,8,Monday,20-Apr,14:45-16:25,3-537,EBU6304,Software Engineering,LM,3,Tele-G2,6-10,150,0,0,,
520,8,Monday,20-Apr,14:45-16:25,3-535,EBU4202,Digital Circuit Design,YA,2,EIE,17-20,100,0,0,,
521,8,Monday,20-Apr,14:45-16:25,3-437,EBU5503,Database Systems,RC,2,IoT1,11-13,90,0,0,,
522,8,Monday,20-Apr,14:45-16:25,3-435,EBU4202,Digital Circuit Design,HS,2,Tele-G1,1-5,150,0,0,,
523,8,Monday,20-Apr,14:45-16:25,3-333,EBU6305,Interactive Media Design and Production,MLB,3,EIE,17-20,100,0,0,,
524,8,Monday,20-Apr,16:35-18:10,3-546,EBU5477,Embedded Systems,EL,3,IoT1,11-13,90,0,0,,
525,8,Monday,20-Apr,16:35-18:10,3-539,EBU6304,Software Engineering,MSH,3,IST,21-24,100,0,0,,
526,8,Monday,20-Apr,16:35-18:10,3-537,EBU6304,Software Engineering,LM,3,EIE,17-20,100,0,0,,
527,8,Monday,20-Apr,16:35-18:10,3-535,EBU5315,Interactive Media Design and Production,MLB,2,EIE,17-20,100,0,0,,
528,8,Monday,20-Apr,16:35-18:10,3-437,EBU4202,Digital Circuit Design,HS,2,Tele-G2,6-10,150,0,0,,
529,8,Monday,20-Apr,16:35-18:10,3-435,EBU5503,Database Systems,RC,2,IST,21-24,100,0,0,,
530,8,Monday,20-Apr,16:35-18:10,3-333,EBU6304,Software Engineering,AWo,3,Tele-G1,1-5,150,0,0,,
531,8,Tuesday,21-Apr,13:00-14:35,3-537,EBU6304,Software Engineering,LM,3,EIE,17-20,100,0,0,,
532,8,Tuesday,21-Apr,13:00-14:35,3-535,EBU5315,Interactive Media Design and Production,MLB,2,EIE,17-20,100,0,0,,
533,8,Tuesday,21-Apr,13:00-14:35,3-437,EBU4202,Digital Circuit Design,HS,2,Tele-G2,6-10,150,0,0,,
534,8,Tuesday,21-Apr,13:00-14:35,3-435,EBU6304,Software Engineering,AWo,3,Tele-G1,1-5,150,0,0,,
535,8,Tuesday,21-Apr,13:00-14:35,3-433,EBU5503,Database Systems,RC,2,IST,21-24,100,0,0,,
536,8,Tuesday,21-Apr,13:00-14:35,3-417,EBU6304,Software Engineering,MSH,3,IST,21-24,100,0,0,,
537,8,Tuesday,21-Apr,13:00-14:35,3-335,EBU5477,Embedded Systems,EL,3,IoT1,11-13,90,0,0,,
538,8,Tuesday,21-Apr,14:45-16:25,3-537,EBU5503,Database Systems,CL,2,IoT2,14-16,90,0,0,,
539,8,Tuesday,21-Apr,14:45-16:25,3-535,EBU4202,Digital Circuit Design,YA,2,EIE,17-20,100,0,0,,
540,8,Tuesday,21-Apr,14:45-16:25,3-437,EBU5503,Database Systems,RC,2,IoT1,11-13,90,0,0,,
541,8,Tuesday,21-Apr,14:45-16:25,3-435,EBU4202,Digital Circuit Design,HS,2,Tele-G1,1-5,150,0,0,,
542,8,Tuesday,21-Apr,14:45-16:25,3-433,EBU5477,Embedded Systems,EL,3,IoT2,14-16,90,0,0,,
543,8,Tuesday,21-Apr,16:35-18:10,3-435,EBU6304,Software Engineering,LM,3,Tele-G2,6-10,150,0,0,,
544,8,Tuesday,21-Apr,16:35-18:10,3-337,EBU6307,Visual Computing,MSH,3,IST,21-24,100,0,0,,
545,8,Tuesday,21-Apr,16:35-18:10,3-335,EBU6305,Interactive Media Design and Production,MLB,3,EIE,17-20,100,0,0,,
546,8,Tuesday,21-Apr,16:35-18:10,3-333,EBU6304,Software Engineering,AWo,3,IoT,11-16,180,0,0,,
547,8,Tuesday,21-Apr,18:30-19:15,3-337,EBU6307,Visual Computing,MSH,3,IST,21-24,100,0,0,,Tutorial
548,8,Tuesday,21-Apr,18:30-19:15,3-335,EBU6305,Interactive Media Design and Production,MLB,3,EIE,17-20,100,0,0,,Tutorial
549,8,Tuesday,21-Apr,18:30-19:15,3-333,EBU6304,Software Engineering,AWo,3,IoT,11-16,180,0,0,,Tutorial
550,8,Wednesday,22-Apr,08:00-09:35,3-540,EBU6307,Visual Computing,MSH,3,IST,21-24,100,0,0,,
551,8,Wednesday,22-Apr,08:00-09:35,3-539,EBU5503,Database Systems,CL,2,IoT2,14-16,90,0,0,,
552,8,Wednesday,22-Apr,08:00-09:35,3-537,EBU6305,Interactive Media Design and Production,MLB,3,EIE,17-20,100,0,0,,
553,8,Wednesday,22-Apr,08:00-09:35,3-535,EBU6304,Software Engineering,AWo,3,IoT,11-16,180,0,0,,
554,8,Wednesday,22-Apr,08:00-09:35,3-437,EBU5503,Database Systems,RC,2,IoT1,11-13,90,0,0,,
555,8,Wednesday,22-Apr,08:00-09:35,3-435,EBU4202,Digital Circuit Design,HS,2,Tele-G1,1-5,150,0,0,,
556,8,Wednesday,22-Apr,08:00-09:35,3-335,EBU6304,Software Engineering,LM,3,Tele-G2,6-10,150,0,0,,
557,8,Wednesday,22-Apr,09:50-11:25,3-540,EBU6304,Software Engineering,MSH,3,IST,21-24,100,0,0,,
558,8,Wednesday,22-Apr,09:50-11:25,3-535,EBU5477,Embedded Systems,EL,3,IoT1,11-13,90,0,0,,
559,8,Wednesday,22-Apr,09:50-11:25,3-437,EBU4202,Digital Circuit Design,HS,2,Tele-G2,6-10,150,0,0,,
560,8,Wednesday,22-Apr,09:50-11:25,3-435,EBU5315,Interactive Media Design and Production,MLB,2,EIE,17-20,100,0,0,,
561,8,Wednesday,22-Apr,09:50-11:25,3-433,EBU6304,Software Engineering,AWo,3,Tele-G1,1-5,150,0,0,,
562,8,Wednesday,22-Apr,09:50-11:25,3-333,EBU6304,Software Engineering,LM,3,EIE,17-20,100,0,0,,
563,8,Wednesday,22-Apr,13:00-14:35,3-433,EBU5477,Embedded Systems,EL,3,IoT2,14-16,90,0,0,,
564,8,Wednesday,22-Apr,13:00-14:35,3-417,EBU5503,Database Systems,RC,2,IST,21-24,100,0,0,,
565,8,Wednesday,22-Apr,14:45-16:25,3-435,EBU4202,Digital Circuit Design,YA,2,EIE,17-20,100,0,0,,
566,8,Thursday,23-Apr,09:50-11:25,3-546,EBU5503,Database Systems,CL,2,IoT2,14-16,90,0,0,,
567,8,Thursday,23-Apr,09:50-11:25,3-535,EBU6304,Software Engineering,AWo,3,IoT,11-16,180,0,0,,
568,8,Thursday,23-Apr,09:50-11:25,3-437,EBU5503,Database Systems,RC,2,IoT1,11-13,90,0,0,,
569,8,Thursday,23-Apr,09:50-11:25,3-435,EBU4202,Digital Circuit Design,HS,2,Tele-G1,1-5,150,0,0,,
570,8,Thursday,23-Apr,09:50-11:25,3-433,EBU4202,Digital Circuit Design,YA,2,EIE,17-20,100,0,0,,
571,8,Thursday,23-Apr,09:50-11:25,3-337,EBU6304,Software Engineering,LM,3,Tele-G2,6-10,150,0,0,,
572,8,Thursday,23-Apr,09:50-11:25,3-335,EBU6305,Interactive Media Design and Production,MLB,3,EIE,17-20,100,0,0,,
573,8,Thursday,23-Apr,09:50-11:25,3-317,EBU6307,Visual Computing,MSH,3,IST,21-24,100,0,0,,
574,8,Thursday,23-Apr,11:30-12:15,3-435,EBU5315,Interactive Media Design and Production,MLB,2,EIE,17-20,100,0,0,,Tutorial
575,8,Thursday,23-Apr,11:30-12:15,3-433,EBU6304,Software Engineering,AWo,3,Tele-G1,1-5,150,0,0,,Tutorial
576,8,Thursday,23-Apr,11:30-12:15,3-417,EBU5503,Database Systems,RC,2,IST,21-24,100,0,0,,Tutorial
577,8,Thursday,23-Apr,13:00-14:35,3-537,EBU5477,Embedded Systems,EL,3,IoT1,11-13,90,0,0,,
578,8,Thursday,23-Apr,13:00-14:35,3-535,EBU6304,Software Engineering,AWo,3,Tele-G1,1-5,150,0,0,,
579,8,Thursday,23-Apr,13:00-14:35,3-519,EBU6304,Software Engineering,LM,3,EIE,17-20,100,0,0,,
580,8,Thursday,23-Apr,13:00-14:35,3-437,EBU4202,Digital Circuit Design,HS,2,Tele-G2,6-10,150,0,0,,
581,8,Thursday,23-Apr,13:00-14:35,3-435,EBU5503,Database Systems,RC,2,IST,21-24,100,0,0,,
582,8,Thursday,23-Apr,13:00-14:35,3-417,EBU5315,Interactive Media Design and Production,MLB,2,EIE,17-20,100,0,0,,
583,8,Thursday,23-Apr,13:00-14:35,3-217,EBU6304,Software Engineering,MSH,3,IST,21-24,100,0,0,,
584,8,Thursday,23-Apr,14:45-16:25,3-537,EBU5477,Embedded Systems,EL,3,IoT2,14-16,90,0,0,,
585,8,Thursday,23-Apr,17:25-18:10,3-535,,Digital Circuit Design,,2,EIE,17-20,100,0,0,,Tutorial
586,8,Friday,24-Apr,11:30-12:15,3-535,EBU6304,Software Engineering,MSH,3,IST,21-24,100,0,0,,Tutorial
587,8,Friday,24-Apr,11:30-12:15,3-519,EBU5477,Embedded Systems,EL,3,IoT1,11-13,90,0,0,,Tutorial
588,8,Friday,24-Apr,11:30-12:15,3-437,EBU6304,Software Engineering,LM,3,EIE,17-20,100,0,0,,Tutorial
589,8,Friday,24-Apr,11:30-12:15,3-435,EBU5503,Database Systems,RC,2,IoT1,11-13,90,0,0,,Tutorial
590,8,Friday,24-Apr,11:30-12:15,3-433,,Digital Circuit Design,,2,Tele-G1,1-5,150,0,0,,Tutorial
591,8,Friday,24-Apr,11:30-12:15,3-337,EBU5503,Database Systems,CL,2,IoT2,14-16,90,0,0,,Tutorial
592,8,Friday,24-Apr,16:35-17:20,3-337,,Digital Circuit Design,,2,Tele-G2,6-10,150,0,0,,Tutorial
593,8,Friday,24-Apr,16:35-17:20,3-335,EBU6304,Software Engineering,LM,3,Tele-G2,6-10,150,0,0,,Tutorial
594,8,Friday,24-Apr,18:30-19:15,3-433,EBU5477,Embedded Systems,EL,3,IoT2,14-16,90,0,0,,Tutorial
595,11,Monday,11-May,14:45-16:25,3-546,EBU4211,Object-Oriented Programming,PF,2,IST,21-24,100,0,0,,
596,11,Monday,11-May,14:45-16:25,3-539,EBU6408,Sensors and Radio Frequency Identification,FB,3,IoT,11-16,180,0,0,,
597,11,Monday,11-May,14:45-16:25,3-537,EBU4211,Object-Oriented Programming,HA,2,IoT2,14-16,90,0,0,,
598,11,Monday,11-May,14:45-16:25,3-535,EBU4202,Digital Circuit Design,Staff1,2,IoT1,11-13,90,0,0,,
599,11,Monday,11-May,14:45-16:25,3-437,EBU4211,Object-Oriented Programming,PP,2,Tele-G2,6-10,150,0,0,,
600,11,Monday,11-May,14:45-16:25,3-435,EBU5376,Digital Signal Processing  ,AW,2,Tele-G1,1-5,150,0,0,,
601,11,Monday,11-May,14:45-16:25,3-333,EBU5606,Product Development and Marketing,BH,3,Tele-G2,6-10,150,0,0,,
602,11,Monday,11-May,14:45-16:25,4-238,EBU6230,Image and Video Processing,AA,3,EIE,17-20,100,0,0,,
603,11,Monday,11-May,14:45-16:25,4-202,EBU5376,Digital Signal Processing  ,YZ,2,EIE,17-20,100,0,0,,
604,11,Monday,11-May,16:35-18:10,3-546,EBU5606,Product Development and Marketing,BH,3,Tele-G1,1-5,150,0,0,,
605,11,Monday,11-May,16:35-18:10,3-539,EBU6505,Reasoning and Agents,RI,3,IST,21-24,100,0,0,,
606,11,Monday,11-May,16:35-18:10,3-537,EBU4202,Digital Circuit Design,FB,2,IoT2,14-16,90,0,0,,
607,11,Monday,11-May,16:35-18:10,3-535,EBU4202,Digital Circuit Design,Staff1,2,IST,21-24,100,0,0,,
608,11,Monday,11-May,16:35-18:10,3-437,EBU5376,Digital Signal Processing  ,AW,2,Tele-G2,6-10,150,0,0,,
609,11,Monday,11-May,16:35-18:10,3-435,EBU4211,Object-Oriented Programming,PF,2,Tele-G1,1-5,150,0,0,,
610,11,Monday,11-May,16:35-18:10,3-333,EBU4211,Object-Oriented Programming,HA,2,IoT1,11-13,90,0,0,,
611,11,Monday,11-May,16:35-18:10,4-238,EBU5408,Digital Audio Fundamentals,PP,3,EIE,17-20,100,0,0,,
612,11,Monday,11-May,16:35-18:10,4-202,EBU4202,Digital Circuit Design,YA,2,EIE,17-20,100,0,0,,
613,11,Monday,11-May,18:30-19:15,3-435,EBU4211,Object-Oriented Programming,PF,2,Tele-G1,1-5,150,0,0,,Tutorial
614,11,Tuesday,12-May,13:00-14:35,3-537,EBU6505,Reasoning and Agents,RI,3,IST,21-24,100,0,0,,
615,11,Tuesday,12-May,13:00-14:35,3-535,EBU5606,Product Development and Marketing,BH,3,Tele-G1,1-5,150,0,0,,
616,11,Tuesday,12-May,13:00-14:35,3-437,EBU5376,Digital Signal Processing  ,AW,2,Tele-G2,6-10,150,0,0,,
617,11,Tuesday,12-May,13:00-14:35,3-435,EBU4211,Object-Oriented Programming,PF,2,Tele-G1,1-5,150,0,0,,
618,11,Tuesday,12-May,13:00-14:35,3-433,EBU4202,Digital Circuit Design,Staff1,2,IST,21-24,100,0,0,,
619,11,Tuesday,12-May,13:00-14:35,3-417,EBU5408,Digital Audio Fundamentals,PP,3,EIE,17-20,100,0,0,,
620,11,Tuesday,12-May,13:00-14:35,3-335,EBU4202,Digital Circuit Design,FB,2,IoT2,14-16,90,0,0,,
621,11,Tuesday,12-May,13:00-14:35,3-211,EBU4211,Object-Oriented Programming,HA,2,IoT1,11-13,90,0,0,,
622,11,Tuesday,12-May,13:00-14:35,4-202,EBU4202,Digital Circuit Design,YA,2,EIE,17-20,100,0,0,,
623,11,Tuesday,12-May,14:45-16:25,3-535,EBU4202,Digital Circuit Design,Staff1,2,IoT1,11-13,90,0,0,,
624,11,Tuesday,12-May,14:45-16:25,3-437,EBU4211,Object-Oriented Programming,PP,2,Tele-G2,6-10,150,0,0,,
625,11,Tuesday,12-May,14:45-16:25,3-435,EBU5376,Digital Signal Processing  ,AW,2,Tele-G1,1-5,150,0,0,,
626,11,Tuesday,12-May,14:45-16:25,3-433,EBU4211,Object-Oriented Programming,PF,2,IST,21-24,100,0,0,,
627,11,Tuesday,12-May,14:45-16:25,3-337,EBU4211,Object-Oriented Programming,HA,2,IoT2,14-16,90,0,0,,
628,11,Tuesday,12-May,14:45-16:25,4-202,EBU5376,Digital Signal Processing  ,YZ,2,EIE,17-20,100,0,0,,
629,11,Tuesday,12-May,16:35-18:10,3-535,EBU6230,Image and Video Processing,AA,3,EIE,17-20,100,0,0,,
630,11,Tuesday,12-May,16:35-18:10,3-435,EBU5606,Product Development and Marketing,BH,3,Tele-G2,6-10,150,0,0,,
631,11,Tuesday,12-May,16:35-18:10,3-333,EBU6408,Sensors and Radio Frequency Identification,FB,3,IoT,11-16,180,0,0,,
632,11,Tuesday,12-May,18:30-19:15,3-435,EBU5606,Product Development and Marketing,BH,3,Tele-G2,6-10,150,0,0,,Tutorial
633,11,Wednesday,13-May,08:00-09:35,3-540,EBU6408,Sensors and Radio Frequency Identification,FB,3,IoT,11-16,180,0,0,,
634,11,Wednesday,13-May,08:00-09:35,3-539,EBU6230,Image and Video Processing,AA,3,EIE,17-20,100,0,0,,
635,11,Wednesday,13-May,08:00-09:35,3-537,EBU5606,Product Development and Marketing,BH,3,Tele-G2,6-10,150,0,0,,
636,11,Wednesday,13-May,08:00-09:35,3-535,EBU4211,Object-Oriented Programming,HA,2,IoT2,14-16,90,0,0,,
637,11,Wednesday,13-May,08:00-09:35,3-437,EBU4211,Object-Oriented Programming,PP,2,Tele-G2,6-10,150,0,0,,
638,11,Wednesday,13-May,08:00-09:35,3-435,EBU5376,Digital Signal Processing  ,AW,2,Tele-G1,1-5,150,0,0,,
639,11,Wednesday,13-May,08:00-09:35,3-335,EBU4202,Digital Circuit Design,Staff1,2,IoT1,11-13,90,0,0,,
640,11,Wednesday,13-May,09:50-11:25,3-540,EBU6505,Reasoning and Agents,RI,3,IST,21-24,100,0,0,,
641,11,Wednesday,13-May,09:50-11:25,3-537,EBU5606,Product Development and Marketing,BH,3,Tele-G1,1-5,150,0,0,,
642,11,Wednesday,13-May,09:50-11:25,3-535,EBU4202,Digital Circuit Design,FB,2,IoT2,14-16,90,0,0,,
643,11,Wednesday,13-May,09:50-11:25,3-437,EBU5376,Digital Signal Processing  ,AW,2,Tele-G2,6-10,150,0,0,,
644,11,Wednesday,13-May,09:50-11:25,3-435,EBU4211,Object-Oriented Programming,PF,2,Tele-G1,1-5,150,0,0,,
645,11,Wednesday,13-May,09:50-11:25,3-433,EBU4211,Object-Oriented Programming,HA,2,IoT1,11-13,90,0,0,,
646,11,Wednesday,13-May,09:50-11:25,3-335,EBU5408,Digital Audio Fundamentals,PP,3,EIE,17-20,100,0,0,,
647,11,Wednesday,13-May,09:50-11:25,3-333,EBU4202,Digital Circuit Design,YA,2,EIE,17-20,100,0,0,,
648,11,Wednesday,13-May,13:00-14:35,3-417,EBU4202,Digital Circuit Design,Staff1,2,IST,21-24,100,0,0,,
649,11,Wednesday,13-May,14:45-16:25,3-435,EBU5376,Digital Signal Processing  ,YZ,2,EIE,17-20,100,0,0,,
650,11,Wednesday,13-May,14:45-16:25,3-417,EBU4211,Object-Oriented Programming,PF,2,IST,21-24,100,0,0,,
651,11,Wednesday,13-May,16:35-17:20,3-437,EBU4211,Object-Oriented Programming,PF,2,IST,21-24,100,0,0,,Tutorial
652,11,Thursday,14-May,09:50-11:25,3-546,EBU6408,Sensors and Radio Frequency Identification,FB,3,IoT,11-16,180,0,0,,
653,11,Thursday,14-May,09:50-11:25,3-537,EBU5606,Product Development and Marketing,BH,3,Tele-G2,6-10,150,0,0,,
654,11,Thursday,14-May,09:50-11:25,3-535,EBU4211,Object-Oriented Programming,HA,2,IoT2,14-16,90,0,0,,
655,11,Thursday,14-May,09:50-11:25,3-437,EBU4211,Object-Oriented Programming,PP,2,Tele-G2,6-10,150,0,0,,
656,11,Thursday,14-May,09:50-11:25,3-435,EBU5376,Digital Signal Processing  ,AW,2,Tele-G1,1-5,150,0,0,,
657,11,Thursday,14-May,09:50-11:25,3-337,EBU4202,Digital Circuit Design,Staff1,2,IoT1,11-13,90,0,0,,
658,11,Thursday,14-May,09:50-11:25,3-335,EBU6230,Image and Video Processing,AA,3,EIE,17-20,100,0,0,,
659,11,Thursday,14-May,09:50-11:25,3-317,EBU5376,Digital Signal Processing  ,YZ,2,EIE,17-20,100,0,0,,
660,11,Thursday,14-May,09:50-11:25,3-217,EBU4211,Object-Oriented Programming,PF,2,IST,21-24,100,0,0,,
661,11,Thursday,14-May,11:30-12:15,3-537,EBU6408,Sensors and Radio Frequency Identification,FB,3,IoT,11-16,180,0,0,,Tutorial
662,11,Thursday,14-May,11:30-12:15,3-535,EBU5606,Product Development and Marketing,BH,3,Tele-G1,1-5,150,0,0,,Tutorial
663,11,Thursday,14-May,11:30-12:15,3-437,EBU4211,Object-Oriented Programming,PP,2,Tele-G2,6-10,150,0,0,,Tutorial
664,11,Thursday,14-May,11:30-12:15,3-435,EBU5376,Digital Signal Processing  ,AW,2,Tele-G1,1-5,150,0,0,,Tutorial
665,11,Thursday,14-May,11:30-12:15,3-433,EBU6230,Image and Video Processing,AA,3,EIE,17-20,100,0,0,,Tutorial
666,11,Thursday,14-May,11:30-12:15,3-417,EBU5376,Digital Signal Processing  ,YZ,2,EIE,17-20,100,0,0,,Tutorial
667,11,Thursday,14-May,11:30-12:15,3-337,EBU4211,Object-Oriented Programming,HA,2,IoT1,11-13,90,0,0,,Tutorial
668,11,Thursday,14-May,13:00-14:35,3-546,EBU6505,Reasoning and Agents,RI,3,IST,21-24,100,0,0,,
669,11,Thursday,14-May,13:00-14:35,3-539,EBU5606,Product Development and Marketing,BH,3,Tele-G1,1-5,150,0,0,,
670,11,Thursday,14-May,13:00-14:35,3-537,EBU4202,Digital Circuit Design,Staff1,2,IST,21-24,100,0,0,,
671,11,Thursday,14-May,13:00-14:35,3-535,EBU4202,Digital Circuit Design,YA,2,EIE,17-20,100,0,0,,
672,11,Thursday,14-May,13:00-14:35,3-519,EBU5408,Digital Audio Fundamentals,PP,3,EIE,17-20,100,0,0,,
673,11,Thursday,14-May,13:00-14:35,3-437,EBU5376,Digital Signal Processing  ,AW,2,Tele-G2,6-10,150,0,0,,
674,11,Thursday,14-May,13:00-14:35,3-435,EBU4211,Object-Oriented Programming,PF,2,Tele-G1,1-5,150,0,0,,
675,11,Thursday,14-May,13:00-14:35,3-417,EBU4211,Object-Oriented Programming,HA,2,IoT1,11-13,90,0,0,,
676,11,Thursday,14-May,13:00-14:35,3-217,EBU4202,Digital Circuit Design,FB,2,IoT2,14-16,90,0,0,,
677,11,Friday,15-May,11:30-12:15,3-535,EBU6505,Reasoning and Agents,RI,3,IST,21-24,100,0,0,,Tutorial
678,11,Friday,15-May,11:30-12:15,3-519,EBU5408,Digital Audio Fundamentals,PP,3,EIE,17-20,100,0,0,,Tutorial
679,11,Friday,15-May,11:30-12:15,3-437,EBU5376,Digital Signal Processing  ,AW,2,Tele-G2,6-10,150,0,0,,Tutorial
680,11,Friday,15-May,11:30-12:15,3-435,EBU4211,Object-Oriented Programming,HA,2,IoT2,14-16,90,0,0,,Tutorial
681,11,Friday,15-May,11:30-12:15,4-202,,Digital Circuit Design,,2,IST,21-24,100,0,0,,Tutorial
682,11,Friday,15-May,16:35-17:20,3-535,,Digital Circuit Design,,2,IoT2,14-16,90,0,0,,Tutorial
683,11,Friday,15-May,16:35-17:20,3-335,,Digital Circuit Design,,2,IoT1,11-13,90,0,0,,Tutorial
684,11,Wed,13-May,08:00-09:35,3-426,EBC4002,PDP2,NY,2,,19,25,0,0,,
685,11,Thu,14-May,08:00-09:35,3-426,EBC4002,PDP2,NY,2,,20,25,0,0,,
686,11,Tue,12-May,09:50-11:25,3-326,EBC4002,PDP2,NY,2,,04,30,0,0,,
687,11,Thu,14-May,14:45-16:25,3-428,EBC4002,PDP2,NY,2,,03,30,0,0,,
688,12,Monday,18-May,14:45-16:25,3-546,EBU4211,Object-Oriented Programming,PF,2,IST,21-24,100,0,0,,
689,12,Monday,18-May,14:45-16:25,3-540,EBU5376,Digital Signal Processing  ,YZ,2,EIE,17-20,100,0,0,,
690,12,Monday,18-May,14:45-16:25,3-539,EBU5477,Embedded Systems,EL,3,IST,21-24,100,0,0,,
691,12,Monday,18-May,14:45-16:25,3-537,EBU6366,"Microwave, Millimeter and Optical Transmission",JZ,3,Tele-G1,1-5,150,0,0,,
692,12,Monday,18-May,14:45-16:25,3-535,EBU4202,Digital Circuit Design,Staff1,2,IoT1,11-13,90,0,0,,
693,12,Monday,18-May,14:45-16:25,3-437,EBU4211,Object-Oriented Programming,PP,2,Tele-G2,6-10,150,0,0,,
694,12,Monday,18-May,14:45-16:25,3-435,EBU4202,Digital Circuit Design,HS,2,Tele-G1,1-5,150,0,0,,
695,12,Monday,18-May,14:45-16:25,3-339,EBU6230,Image and Video Processing,AA,3,EIE,17-20,100,0,0,,
696,12,Monday,18-May,14:45-16:25,3-333,EBU6408,Sensors and Radio Frequency Identification,FB,3,IoT,11-16,180,0,0,,
697,12,Monday,18-May,14:45-16:25,4-238,EBU5606,Product Development and Marketing,BH,3,Tele-G2,6-10,150,0,0,,
698,12,Monday,18-May,14:45-16:25,4-202,EBU4211,Object-Oriented Programming,HA,2,IoT2,14-16,90,0,0,,
699,12,Monday,18-May,16:35-18:10,3-546,EBU4202,Digital Circuit Design,Staff1,2,IST,21-24,100,0,0,,
700,12,Monday,18-May,16:35-18:10,3-540,EBU4211,Object-Oriented Programming,EL,2,EIE,17-20,100,0,0,,
701,12,Monday,18-May,16:35-18:10,3-539,EBU6505,Reasoning and Agents,RI,3,IST,21-24,100,0,0,,
702,12,Monday,18-May,16:35-18:10,3-537,EBU5606,Product Development and Marketing,BH,3,Tele-G1,1-5,150,0,0,,
703,12,Monday,18-May,16:35-18:10,3-535,EBU4211,Object-Oriented Programming,HA,2,IoT1,11-13,90,0,0,,
704,12,Monday,18-May,16:35-18:10,3-437,EBU4202,Digital Circuit Design,HS,2,Tele-G2,6-10,150,0,0,,
705,12,Monday,18-May,16:35-18:10,3-435,EBU4211,Object-Oriented Programming,PF,2,Tele-G1,1-5,150,0,0,,
706,12,Monday,18-May,16:35-18:10,3-333,EBU5408,Digital Audio Fundamentals,PP,3,EIE,17-20,100,0,0,,
707,12,Monday,18-May,16:35-18:10,4-238,EBU6366,"Microwave, Millimeter and Optical Transmission",JZ,3,Tele-G2,6-10,150,0,0,,
708,12,Monday,18-May,16:35-18:10,4-202,EBU4202,Digital Circuit Design,FB,2,IoT2,14-16,90,0,0,,
709,12,Monday,18-May,18:30-19:15,3-435,EBU4211,Object-Oriented Programming,PF,2,Tele-G1,1-5,150,0,0,,Tutorial
710,12,Monday,18-May,18:30-19:15,4-238,EBU6366,"Microwave, Millimeter and Optical Transmission",JZ,3,Tele-G2,6-10,150,0,0,,Tutorial
711,12,Tuesday,19-May,13:00-14:35,3-537,EBU5606,Product Development and Marketing,BH,3,Tele-G1,1-5,150,0,0,,
712,12,Tuesday,19-May,13:00-14:35,3-535,EBU4202,Digital Circuit Design,Staff1,2,IST,21-24,100,0,0,,
713,12,Tuesday,19-May,13:00-14:35,3-437,EBU4202,Digital Circuit Design,HS,2,Tele-G2,6-10,150,0,0,,
714,12,Tuesday,19-May,13:00-14:35,3-435,EBU4211,Object-Oriented Programming,PF,2,Tele-G1,1-5,150,0,0,,
715,12,Tuesday,19-May,13:00-14:35,3-433,EBU6366,"Microwave, Millimeter and Optical Transmission",JZ,3,Tele-G2,6-10,150,0,0,,
716,12,Tuesday,19-May,13:00-14:35,3-417,EBU5408,Digital Audio Fundamentals,PP,3,EIE,17-20,100,0,0,,
717,12,Tuesday,19-May,13:00-14:35,3-337,EBU6505,Reasoning and Agents,RI,3,IST,21-24,100,0,0,,
718,12,Tuesday,19-May,13:00-14:35,3-335,EBU4202,Digital Circuit Design,FB,2,IoT2,14-16,90,0,0,,
719,12,Tuesday,19-May,13:00-14:35,3-211,EBU4211,Object-Oriented Programming,HA,2,IoT1,11-13,90,0,0,,
720,12,Tuesday,19-May,13:00-14:35,4-202,EBU4211,Object-Oriented Programming,EL,2,EIE,17-20,100,0,0,,
721,12,Tuesday,19-May,14:45-16:25,3-535,EBU4211,Object-Oriented Programming,HA,2,IoT2,14-16,90,0,0,,
722,12,Tuesday,19-May,14:45-16:25,3-437,EBU4211,Object-Oriented Programming,PP,2,Tele-G2,6-10,150,0,0,,
723,12,Tuesday,19-May,14:45-16:25,3-435,EBU4202,Digital Circuit Design,HS,2,Tele-G1,1-5,150,0,0,,
724,12,Tuesday,19-May,14:45-16:25,3-433,EBU4211,Object-Oriented Programming,PF,2,IST,21-24,100,0,0,,
725,12,Tuesday,19-May,14:45-16:25,3-337,EBU4202,Digital Circuit Design,Staff1,2,IoT1,11-13,90,0,0,,
726,12,Tuesday,19-May,14:45-16:25,4-202,EBU5376,Digital Signal Processing  ,YZ,2,EIE,17-20,100,0,0,,
727,12,Tuesday,19-May,16:35-18:10,3-535,EBU6366,"Microwave, Millimeter and Optical Transmission",JZ,3,Tele-G1,1-5,150,0,0,,
728,12,Tuesday,19-May,16:35-18:10,3-435,EBU5606,Product Development and Marketing,BH,3,Tele-G2,6-10,150,0,0,,
729,12,Tuesday,19-May,16:35-18:10,3-337,EBU5477,Embedded Systems,EL,3,IST,21-24,100,0,0,,
730,12,Tuesday,19-May,16:35-18:10,3-335,EBU6230,Image and Video Processing,AA,3,EIE,17-20,100,0,0,,
731,12,Tuesday,19-May,16:35-18:10,3-333,EBU6408,Sensors and Radio Frequency Identification,FB,3,IoT,11-16,180,0,0,,
732,12,Tuesday,19-May,18:30-19:15,3-435,EBU5606,Product Development and Marketing,BH,3,Tele-G2,6-10,150,0,0,,Tutorial
733,12,Tuesday,19-May,18:30-19:15,3-335,EBU5477,Embedded Systems,EL,3,IST,21-24,100,0,0,,Tutorial
734,12,Wednesday,20-May,08:00-09:35,3-546,EBU6230,Image and Video Processing,AA,3,EIE,17-20,100,0,0,,
735,12,Wednesday,20-May,08:00-09:35,3-540,EBU6408,Sensors and Radio Frequency Identification,FB,3,IoT,11-16,180,0,0,,
736,12,Wednesday,20-May,08:00-09:35,3-539,EBU5606,Product Development and Marketing,BH,3,Tele-G2,6-10,150,0,0,,
737,12,Wednesday,20-May,08:00-09:35,3-537,EBU4211,Object-Oriented Programming,HA,2,IoT2,14-16,90,0,0,,
738,12,Wednesday,20-May,08:00-09:35,3-535,EBU4202,Digital Circuit Design,Staff1,2,IoT1,11-13,90,0,0,,
739,12,Wednesday,20-May,08:00-09:35,3-437,EBU4211,Object-Oriented Programming,PP,2,Tele-G2,6-10,150,0,0,,
740,12,Wednesday,20-May,08:00-09:35,3-435,EBU4202,Digital Circuit Design,HS,2,Tele-G1,1-5,150,0,0,,
741,12,Wednesday,20-May,08:00-09:35,3-335,EBU6366,"Microwave, Millimeter and Optical Transmission",JZ,3,Tele-G1,1-5,150,0,0,,
742,12,Wednesday,20-May,08:00-09:35,4-202,EBU5477,Embedded Systems,EL,3,IST,21-24,100,0,0,,
743,12,Wednesday,20-May,09:50-11:25,3-537,EBU4202,Digital Circuit Design,FB,2,IoT2,14-16,90,0,0,,
744,12,Wednesday,20-May,09:50-11:25,3-535,EBU5408,Digital Audio Fundamentals,PP,3,EIE,17-20,100,0,0,,
745,12,Wednesday,20-May,09:50-11:25,3-437,EBU4202,Digital Circuit Design,HS,2,Tele-G2,6-10,150,0,0,,
746,12,Wednesday,20-May,09:50-11:25,3-435,EBU4211,Object-Oriented Programming,PF,2,Tele-G1,1-5,150,0,0,,
747,12,Wednesday,20-May,09:50-11:25,3-337,EBU4211,Object-Oriented Programming,HA,2,IoT1,11-13,90,0,0,,
748,12,Wednesday,20-May,09:50-11:25,3-335,EBU5606,Product Development and Marketing,BH,3,Tele-G1,1-5,150,0,0,,
749,12,Wednesday,20-May,09:50-11:25,3-333,EBU6366,"Microwave, Millimeter and Optical Transmission",JZ,3,Tele-G2,6-10,150,0,0,,
750,12,Wednesday,20-May,09:50-11:25,4-238,EBU4211,Object-Oriented Programming,EL,2,EIE,17-20,100,0,0,,
751,12,Wednesday,20-May,09:50-11:25,4-202,EBU6505,Reasoning and Agents,RI,3,IST,21-24,100,0,0,,
752,12,Wednesday,20-May,13:00-14:35,3-417,EBU4202,Digital Circuit Design,Staff1,2,IST,21-24,100,0,0,,
753,12,Wednesday,20-May,14:45-16:25,3-435,EBU5376,Digital Signal Processing  ,YZ,2,EIE,17-20,100,0,0,,
754,12,Wednesday,20-May,14:45-16:25,3-417,EBU4211,Object-Oriented Programming,PF,2,IST,21-24,100,0,0,,
755,12,Wednesday,20-May,16:35-17:20,3-437,EBU4211,Object-Oriented Programming,PF,2,IST,21-24,100,0,0,,Tutorial
756,12,Thursday,21-May,08:00-09:35,3-435,EBU5376,Digital Signal Processing  ,YZ,2,EIE,17-20,100,0,0,,
757,12,Thursday,21-May,09:50-11:25,3-546,EBU6408,Sensors and Radio Frequency Identification,FB,3,IoT,11-16,180,0,0,,
758,12,Thursday,21-May,09:50-11:25,3-537,EBU5606,Product Development and Marketing,BH,3,Tele-G2,6-10,150,0,0,,
759,12,Thursday,21-May,09:50-11:25,3-535,EBU6366,"Microwave, Millimeter and Optical Transmission",JZ,3,Tele-G1,1-5,150,0,0,,
760,12,Thursday,21-May,09:50-11:25,3-437,EBU4211,Object-Oriented Programming,PP,2,Tele-G2,6-10,150,0,0,,
761,12,Thursday,21-May,09:50-11:25,3-435,EBU4202,Digital Circuit Design,HS,2,Tele-G1,1-5,150,0,0,,
762,12,Thursday,21-May,09:50-11:25,3-337,EBU4202,Digital Circuit Design,Staff1,2,IoT1,11-13,90,0,0,,
763,12,Thursday,21-May,09:50-11:25,3-335,EBU6230,Image and Video Processing,AA,3,EIE,17-20,100,0,0,,
764,12,Thursday,21-May,09:50-11:25,3-317,EBU4211,Object-Oriented Programming,HA,2,IoT2,14-16,90,0,0,,
765,12,Thursday,21-May,09:50-11:25,3-217,EBU4211,Object-Oriented Programming,PF,2,IST,21-24,100,0,0,,
766,12,Thursday,21-May,09:50-11:25,4-202,EBU5477,Embedded Systems,EL,3,IST,21-24,100,0,0,,
767,12,Thursday,21-May,11:30-12:15,3-537,EBU6408,Sensors and Radio Frequency Identification,FB,3,IoT,11-16,180,0,0,,Tutorial
768,12,Thursday,21-May,11:30-12:15,3-535,EBU5606,Product Development and Marketing,BH,3,Tele-G1,1-5,150,0,0,,Tutorial
769,12,Thursday,21-May,11:30-12:15,3-437,EBU4211,Object-Oriented Programming,PP,2,Tele-G2,6-10,150,0,0,,Tutorial
770,12,Thursday,21-May,11:30-12:15,3-433,EBU6230,Image and Video Processing,AA,3,EIE,17-20,100,0,0,,Tutorial
771,12,Thursday,21-May,11:30-12:15,3-417,EBU5376,Digital Signal Processing  ,YZ,2,EIE,17-20,100,0,0,,Tutorial
772,12,Thursday,21-May,11:30-12:15,3-337,EBU4211,Object-Oriented Programming,HA,2,IoT1,11-13,90,0,0,,Tutorial
773,12,Thursday,21-May,13:00-14:35,3-539,EBU5606,Product Development and Marketing,BH,3,Tele-G1,1-5,150,0,0,,
774,12,Thursday,21-May,13:00-14:35,3-537,EBU4202,Digital Circuit Design,FB,2,IoT2,14-16,90,0,0,,
775,12,Thursday,21-May,13:00-14:35,3-535,EBU6366,"Microwave, Millimeter and Optical Transmission",JZ,3,Tele-G2,6-10,150,0,0,,
776,12,Thursday,21-May,13:00-14:35,3-519,EBU5408,Digital Audio Fundamentals,PP,3,EIE,17-20,100,0,0,,
777,12,Thursday,21-May,13:00-14:35,3-437,EBU4202,Digital Circuit Design,HS,2,Tele-G2,6-10,150,0,0,,
778,12,Thursday,21-May,13:00-14:35,3-435,EBU4211,Object-Oriented Programming,PF,2,Tele-G1,1-5,150,0,0,,
779,12,Thursday,21-May,13:00-14:35,3-417,EBU4211,Object-Oriented Programming,EL,2,EIE,17-20,100,0,0,,
780,12,Thursday,21-May,13:00-14:35,3-217,EBU4211,Object-Oriented Programming,HA,2,IoT1,11-13,90,0,0,,
781,12,Thursday,21-May,13:00-14:35,4-203,EBU6505,Reasoning and Agents,RI,3,IST,21-24,100,0,0,,
782,12,Thursday,21-May,13:00-14:35,4-202,EBU4202,Digital Circuit Design,Staff1,2,IST,21-24,100,0,0,,
783,12,Friday,22-May,11:30-12:15,3-535,EBU6505,Reasoning and Agents,RI,3,IST,21-24,100,0,0,,Tutorial
784,12,Friday,22-May,11:30-12:15,3-519,EBU5408,Digital Audio Fundamentals,PP,3,EIE,17-20,100,0,0,,Tutorial
785,12,Friday,22-May,11:30-12:15,3-435,EBU4211,Object-Oriented Programming,HA,2,IoT2,14-16,90,0,0,,Tutorial
786,12,Friday,22-May,11:30-12:15,3-433,EBU4211,Object-Oriented Programming,EL,2,EIE,17-20,100,0,0,,Tutorial
787,12,Friday,22-May,13:50-14:35,3-535,EBU6366,"Microwave, Millimeter and Optical Transmission",JZ,3,Tele-G1,1-5,150,0,0,,Tutorial
788,12,Friday,22-May,16:35-17:20,3-540,,Digital Circuit Design,,2,EIE,17-20,100,0,0,,Tutorial
789,12,Friday,22-May,16:35-17:20,3-537,,Digital Circuit Design,,2,IST,21-24,100,0,0,,Tutorial
790,12,Friday,22-May,16:35-17:20,3-535,,Digital Circuit Design,,2,IoT2,14-16,90,0,0,,Tutorial
791,12,Friday,22-May,16:35-17:20,3-435,EBU4202,Digital Circuit Design,HS,2,Tele-G1,1-5,150,0,0,,Tutorial
792,12,Friday,22-May,16:35-17:20,3-337,,Digital Circuit Design,,2,Tele-G2,6-10,150,0,0,,Tutorial
793,12,Friday,22-May,16:35-17:20,3-335,,Digital Circuit Design,,2,IoT1,11-13,90,0,0,,Tutorial
794,12,Fri,22-May,09:50-11:25,3-428,EBC4002,PDP2,NY,2,,07,30,0,0,,
795,12,Wed,20-May,13:00-14:35,3-426,EBC4002,PDP2,NY,2,,10,30,0,0,,
796,12,Thu,21-May,14:45-16:25,3-428,EBC4002,PDP2,NY,2,,08,30,0,0,,
797,12,Tue,19-May,16:35-18:10,3-428,EBC4002,PDP2,NY,2,,06,30,0,0,,
798,13,Monday,25-May,14:45-16:25,3-537,EBU6366,"Microwave, Millimeter and Optical Transmission",JZ,3,Tele-G2,6-10,150,0,0,,
799,13,Monday,25-May,14:45-16:25,3-535,EBU5503,Database Systems,CL,2,IoT2,14-16,90,0,0,,
800,13,Monday,25-May,14:45-16:25,3-437,EBU5503,Database Systems,RC,2,IoT1,11-13,90,0,0,,
801,13,Monday,25-May,14:45-16:25,3-435,EBU5376,Digital Signal Processing  ,AW,2,Tele-G1,1-5,150,0,0,,
802,13,Monday,25-May,14:45-16:25,3-333,EBU5477,Embedded Systems,EL,3,IST,21-24,100,0,0,,
803,13,Monday,25-May,14:45-16:25,4-202,EBU5017,AI Law,MM,2,IST,21-24,100,0,0,,
804,13,Monday,25-May,16:35-18:10,3-535,EBU6366,"Microwave, Millimeter and Optical Transmission",JZ,3,Tele-G1,1-5,150,0,0,,
805,13,Monday,25-May,16:35-18:10,3-437,EBU5212,Communication and Networks,YS,2,IoT1,11-16,180,0,0,,
806,13,Monday,25-May,16:35-18:10,3-435,EBU4211,Object-Oriented Programming,EL,2,EIE,17-20,100,0,0,,
807,13,Monday,25-May,16:35-18:10,3-333,EBU5376,Digital Signal Processing  ,AW,2,Tele-G2,6-10,150,0,0,,
808,13,Monday,25-May,16:35-18:10,4-202,EBU5503,Database Systems,RC,2,IST,21-24,100,0,0,,
809,13,Monday,25-May,18:30-19:15,4-238,EBU6366,"Microwave, Millimeter and Optical Transmission",JZ,3,Tele-G2,6-10,150,0,0,,Tutorial
810,13,Tuesday,26-May,13:00-14:35,3-535,EBU5503,Database Systems,RC,2,IST,21-24,100,0,0,,
811,13,Tuesday,26-May,13:00-14:35,3-437,EBU5212,Communication and Networks,YS,2,IoT1,11-16,180,0,0,,
812,13,Tuesday,26-May,13:00-14:35,3-435,EBU4211,Object-Oriented Programming,EL,2,EIE,17-20,100,0,0,,
813,13,Tuesday,26-May,13:00-14:35,3-433,EBU5376,Digital Signal Processing  ,AW,2,Tele-G2,6-10,150,0,0,,
814,13,Tuesday,26-May,13:00-14:35,3-335,EBU6366,"Microwave, Millimeter and Optical Transmission",JZ,3,Tele-G1,1-5,150,0,0,,
815,13,Tuesday,26-May,14:45-16:25,3-535,EBU5017,AI Law,MM,2,IST,21-24,100,0,0,,
816,13,Tuesday,26-May,14:45-16:25,3-437,EBU5503,Database Systems,RC,2,IoT1,11-13,90,0,0,,
817,13,Tuesday,26-May,14:45-16:25,3-435,EBU5376,Digital Signal Processing  ,AW,2,Tele-G1,1-5,150,0,0,,
818,13,Tuesday,26-May,14:45-16:25,3-337,EBU5503,Database Systems,CL,2,IoT2,14-16,90,0,0,,
819,13,Tuesday,26-May,16:35-18:10,3-535,EBU6366,"Microwave, Millimeter and Optical Transmission",JZ,3,Tele-G2,6-10,150,0,0,,
820,13,Tuesday,26-May,16:35-18:10,3-335,EBU5477,Embedded Systems,EL,3,IST,21-24,100,0,0,,
821,13,Tuesday,26-May,18:30-19:15,3-335,EBU5477,Embedded Systems,EL,3,IST,21-24,100,0,0,,Tutorial
822,13,Wednesday,27-May,08:00-09:35,3-537,EBU5503,Database Systems,CL,2,IoT2,14-16,90,0,0,,
823,13,Wednesday,27-May,08:00-09:35,3-535,EBU5477,Embedded Systems,EL,3,IST,21-24,100,0,0,,
824,13,Wednesday,27-May,08:00-09:35,3-437,EBU5503,Database Systems,RC,2,IoT1,11-13,90,0,0,,
825,13,Wednesday,27-May,08:00-09:35,3-435,EBU5376,Digital Signal Processing  ,AW,2,Tele-G1,1-5,150,0,0,,
826,13,Wednesday,27-May,08:00-09:35,3-335,EBU6366,"Microwave, Millimeter and Optical Transmission",JZ,3,Tele-G2,6-10,150,0,0,,
827,13,Wednesday,27-May,09:50-11:25,3-437,EBU5212,Communication and Networks,YS,2,IoT1,11-16,180,0,0,,
828,13,Wednesday,27-May,09:50-11:25,3-435,EBU4211,Object-Oriented Programming,EL,2,EIE,17-20,100,0,0,,
829,13,Wednesday,27-May,09:50-11:25,3-433,EBU6366,"Microwave, Millimeter and Optical Transmission",JZ,3,Tele-G1,1-5,150,0,0,,
830,13,Wednesday,27-May,09:50-11:25,3-333,EBU5376,Digital Signal Processing  ,AW,2,Tele-G2,6-10,150,0,0,,
831,13,Wednesday,27-May,13:00-14:35,3-417,EBU5503,Database Systems,RC,2,IST,21-24,100,0,0,,
832,13,Wednesday,27-May,14:45-16:25,3-417,EBU5017,AI Law,MM,2,IST,21-24,100,0,0,,
833,13,Thursday,28-May,08:00-09:35,3-435,EBU5017,AI Law,MM,2,IST,21-24,100,0,0,,
834,13,Thursday,28-May,09:50-11:25,3-535,EBU6366,"Microwave, Millimeter and Optical Transmission",JZ,3,Tele-G2,6-10,150,0,0,,
835,13,Thursday,28-May,09:50-11:25,3-437,EBU5503,Database Systems,RC,2,IoT1,11-13,90,0,0,,
836,13,Thursday,28-May,09:50-11:25,3-435,EBU5376,Digital Signal Processing  ,AW,2,Tele-G1,1-5,150,0,0,,
837,13,Thursday,28-May,09:50-11:25,3-335,EBU5477,Embedded Systems,EL,3,IST,21-24,100,0,0,,
838,13,Thursday,28-May,09:50-11:25,3-317,EBU5503,Database Systems,CL,2,IoT2,14-16,90,0,0,,
839,13,Thursday,28-May,11:30-12:15,3-435,EBU5376,Digital Signal Processing  ,AW,2,Tele-G1,1-5,150,0,0,,Tutorial
840,13,Thursday,28-May,11:30-12:15,3-417,EBU5503,Database Systems,RC,2,IST,21-24,100,0,0,,Tutorial
841,13,Thursday,28-May,11:30-12:15,3-337,EBU5212,Communication and Networks,YS,2,IoT,11-16,180,0,0,,Tutorial
842,13,Thursday,28-May,13:00-14:35,3-537,EBU5212,Communication and Networks,YS,2,IoT1,11-16,180,0,0,,
843,13,Thursday,28-May,13:00-14:35,3-535,EBU6366,"Microwave, Millimeter and Optical Transmission",JZ,3,Tele-G1,1-5,150,0,0,,
844,13,Thursday,28-May,13:00-14:35,3-437,EBU5376,Digital Signal Processing  ,AW,2,Tele-G2,6-10,150,0,0,,
845,13,Thursday,28-May,13:00-14:35,3-435,EBU4211,Object-Oriented Programming,EL,2,EIE,17-20,100,0,0,,
846,13,Thursday,28-May,13:00-14:35,3-217,EBU5503,Database Systems,RC,2,IST,21-24,100,0,0,,
847,13,Friday,29-May,11:30-12:15,3-519,EBU5017,AI Law,MM,2,IST,21-24,100,0,0,,Tutorial
848,13,Friday,29-May,11:30-12:15,3-437,EBU5376,Digital Signal Processing  ,AW,2,Tele-G2,6-10,150,0,0,,Tutorial
849,13,Friday,29-May,11:30-12:15,3-435,EBU5503,Database Systems,RC,2,IoT1,11-13,90,0,0,,Tutorial
850,13,Friday,29-May,11:30-12:15,3-433,EBU4211,Object-Oriented Programming,EL,2,EIE,17-20,100,0,0,,Tutorial
851,13,Friday,29-May,11:30-12:15,3-337,EBU5503,Database Systems,CL,2,IoT2,14-16,90,0,0,,Tutorial
852,13,Friday,29-May,13:50-14:35,3-535,EBU6366,"Microwave, Millimeter and Optical Transmission",JZ,3,Tele-G1,1-5,150,0,0,,Tutorial
853,14,Monday,1-Jun,14:45-16:25,3-435,EBU5017,AI Law,MM,2,IST,21-24,100,0,0,,
854,14,Monday,1-Jun,16:35-18:10,3-435,EBU5212,Communication and Networks,YS,2,IoT1,11-16,180,0,0,,
855,14,Tuesday,2-Jun,13:00-14:35,3-435,EBU5212,Communication and Networks,YS,2,IoT1,11-16,180,0,0,,
856,14,Tuesday,2-Jun,14:45-16:25,3-435,EBU5017,AI Law,MM,2,IST,21-24,100,0,0,,
857,14,Wednesday,3-Jun,09:50-11:25,3-435,EBU5212,Communication and Networks,YS,2,IoT1,11-16,180,0,0,,
858,14,Wednesday,3-Jun,14:45-16:25,3-435,EBU5017,AI Law,MM,2,IST,21-24,100,0,0,,
859,14,Thursday,4-Jun,09:50-11:25,3-435,EBU5017,AI Law,MM,2,IST,21-24,100,0,0,,
860,14,Thursday,4-Jun,11:30-12:15,3-337,EBU5212,Communication and Networks,YS,2,IoT,11-16,180,0,0,,Tutorial
861,14,Thursday,4-Jun,13:00-14:35,3-435,EBU5212,Communication and Networks,YS,2,IoT1,11-16,180,0,0,,
862,14,Friday,5-Jun,11:30-12:15,3-519,EBU5017,AI Law,MM,2,IST,21-24,100,0,0,,Tutorial
